Feat0,Feat1,Feat2,Feat3,Feat4,Feat5,Feat6,Feat7,Feat8,Feat9,Feat10,Feat11,PotentialBuyerHyperCrypto
0.275521599,1,2.77,D,0.99,6,89,3,46,7,468,10,0
0.365428546,1,4.75,D,0.64,3,81,2,27,7,4,1,1
0.284352912,0,6.95,B,0.34,7,93,1,29,0,933,7,0
0.356867134,1,2.87,D,0.8,5,39,3,61,7,254,2,0
0.46289584,0,2.81,A,0.82,4,5,3,75,4,805,7,0
0.072125167,0,0.33,D,0.41,,95,0,5,5,889,1,0
0.411921271,1,1.72,A,0.27,2,56,1,28,5,139,3,0
0.876687403,0,3.21,D,0.71,5,40,0,47,6,350,7,0
0.908363251,0,2.52,D,0.5,9,22,0,70,0,213,3,1
0.445109157,1,3.7,A,0.28,2,70,2,70,4,517,1,0
0.89996598,0,8.62,D,0.65,5,20,3,86,4,657,9,0
0.486991602,0,8.68,B,0.86,7,66,3,49,2,34,5,1
0.892445453,1,8.72,A,0.79,7,30,2,48,7,330,3,1
0.987010994,0,8.57,A,0.94,1,39,1,16,3,209,8,0
0.63687326,0,9.47,A,0.19,1,10,0,18,4,571,0,0
0.317203481,1,3.42,D,0.95,4,50,0,30,6,879,6,0
0.820602475,1,4.33,B,0.34,8,49,2,36,3,710,5,0
0.662329431,1,6.86,A,0.55,5,56,0,10,3,271,5,0
0.621704098,1,8.18,A,0.71,,60,3,95,6,748,1,1
0.983115087,1,7.91,B,0.65,6,20,1,92,6,292,3,0
0.712882649,0,1.79,A,0.64,5,79,2,73,0,657,8,0
0.101593551,1,4.89,B,0.84,0,73,0,64,3,18,0,0
0.411836974,0,4.45,A,0.18,10,29,1,58,1,207,3,0
0.386586063,1,2.15,D,0.63,8,45,1,89,4,244,6,0
0.151833565,1,6.73,D,0.24,5,32,3,63,7,664,6,0
0.336117711,1,5.09,D,0.56,3,32,2,95,3,374,3,1
0.273894458,0,4.61,A,0.18,4,45,3,7,4,466,5,0
0.214448436,1,7.45,D,0.88,8,54,0,1,0,611,9,0
0.751102069,1,9.36,A,0.79,1,54,3,45,3,904,7,0
0.822646023,1,2.93,D,0.92,9,16,0,24,4,984,5,0
0.623119235,1,1.99,D,0.16,,23,0,90,0,764,7,0
0.058825857,0,2.11,A,0.81,2,53,2,65,3,869,6,0
0.279502948,1,9.17,B,0.18,1,46,3,73,0,139,0,0
0.5972741,1,4.46,D,0.88,2,78,0,46,0,433,10,0
0.224566255,1,1.88,D,0.81,8,18,1,10,1,222,4,0
0.591035101,0,1.66,D,0.06,2,27,2,93,6,10,2,0
0.644348591,1,6.13,B,0.35,6,15,2,64,7,442,9,0
0.348308476,0,1.14,D,1,9,13,1,1,7,558,7,0
0.061916713,0,1.66,B,0.87,6,53,2,14,6,379,9,0
0.27532275,1,1.44,A,0.02,6,5,1,28,5,447,6,0
0.3162623,1,1.1,D,0.89,10,42,3,64,7,347,2,0
0.468379582,1,2.57,D,0.46,,88,0,49,3,708,7,0
0.455137867,0,0.87,D,0,1,68,3,34,6,11,4,0
0.909851166,0,7.1,D,0.31,0,2,3,50,5,797,6,0
0.020081029,1,8.32,A,0.13,1,10,1,25,4,674,3,0
0.426913469,0,6.91,A,0.61,10,47,2,10,6,788,7,0
0.200494735,0,0.29,B,0.45,5,21,2,12,1,31,4,0
0.557552903,1,8.86,D,0.55,5,59,0,95,1,958,5,0
0.706047959,0,4.08,D,0.9,4,89,2,42,5,526,3,1
0.882080401,0,1.89,B,0.19,5,98,2,88,3,893,1,0
0.719266975,1,2.55,A,0.61,10,91,1,60,2,350,10,0
0.842041855,1,7.53,A,0.52,4,36,2,69,2,698,6,0
0.840302112,1,0.86,B,0.36,3,31,1,30,4,732,1,0
0.498640025,1,5.56,A,0.83,9,60,1,63,2,314,4,1
0.232343791,1,7.53,B,0.16,2,15,1,94,1,51,4,0
0.479402061,0,6,A,0.43,0,67,1,44,1,651,1,0
0.204262667,0,8.29,B,0.76,2,74,1,46,4,199,6,0
0.710733429,0,5.79,D,0.91,3,39,1,26,6,192,2,1
0.756694063,1,6.53,D,0.74,3,97,2,8,7,316,10,0
0.880374505,1,0.6,B,0.99,8,60,1,39,6,484,5,0
0.751796089,0,1.1,A,0.28,,1,2,74,1,235,3,0
0.046464308,0,0.36,D,0.35,7,13,0,96,6,452,6,0
0.142498064,0,8.84,B,0.89,,25,1,17,0,362,7,0
0.940783988,0,8.33,D,0.76,9,86,0,5,3,313,0,0
0.889536452,0,1.67,A,0.9,7,7,2,21,5,142,3,0
0.581365344,0,7.74,D,0.78,10,49,3,27,6,822,1,0
0.661671965,0,0,D,1,9,19,0,83,2,240,7,0
0.019270384,0,5.21,B,0.09,6,44,3,5,5,585,3,0
0.293988482,1,4.33,A,0.37,3,75,1,21,0,866,1,1
0.526137414,1,2.6,B,0.04,4,30,1,55,5,527,2,0
0.227622096,1,6.11,A,0.48,6,45,1,9,5,844,3,0
0.595012858,1,7.08,A,0.84,1,42,2,40,1,284,6,0
0.515396241,1,6.52,D,0.99,8,91,1,8,5,835,5,0
0.2887494,1,0.96,A,0.78,,46,0,61,5,954,3,0
0.278543286,0,1.78,D,0.44,9,24,0,72,0,276,4,0
0.023952407,1,8.76,D,0.91,0,39,3,40,2,839,10,0
0.180458584,1,2.06,D,0.03,8,76,3,21,6,923,9,0
0.675265965,1,5.63,B,0.92,5,96,3,73,7,632,10,0
0.034845602,0,3.96,D,0.09,3,76,1,11,7,102,1,0
0.918158874,0,4.97,D,0.49,9,48,0,94,2,775,0,1
0.571529685,0,2.28,B,0.86,5,95,2,40,3,886,6,0
0.403045901,1,9.87,D,0.25,6,89,0,12,2,918,1,0
0.314504532,1,1.98,D,0.27,9,97,3,75,5,684,0,0
0.041871796,1,0.95,D,0.14,9,37,9999,60,3,180,9,0
0.344429714,0,0.27,A,0.56,10,2,0,71,7,313,6,0
0.764122275,0,0.15,A,0.23,6,9,3,75,6,980,1,0
0.513183998,1,0.78,D,0.37,4,99,0,66,1,611,9,0
0.221720793,1,2.98,D,0.37,5,62,1,44,7,93,2,1
0.262665057,1,9.83,A,0.96,9,45,3,63,6,967,8,0
0.438952299,1,7.47,D,0.67,3,44,2,15,4,146,6,0
0.922217381,1,1.85,A,0.65,5,50,9999,36,1,905,3,0
0.12939759,0,5.38,D,0.31,9,48,3,56,6,422,0,1
0.150284416,1,0.97,B,0.75,5,4,1,71,1,434,10,0
0.717401112,0,9.54,A,0.45,4,34,0,39,2,443,10,0
0.936203051,1,4.88,A,0.54,4,80,9999,79,4,801,9,0
0.863160549,1,3.56,B,0.37,9,72,2,92,7,743,6,0
0.583420332,1,0.56,D,0.85,6,4,3,100,1,430,2,0
0.322126832,1,6.33,B,0.9,9,22,2,27,5,65,0,1
0.59984316,1,0.92,D,0.04,0,50,2,76,2,343,8,0
0.387741136,1,0.68,D,0.12,2,19,0,88,5,91,6,0
0.583707441,0,7.28,A,0.48,,39,2,95,2,806,6,0
0.343171944,1,3.55,D,0.71,6,29,1,52,1,22,3,1
0.676030076,0,7.1,D,0.31,6,82,2,20,1,853,4,0
0.916625296,0,6.36,A,0.32,5,12,2,59,3,449,4,1
0.946575513,0,2.99,B,0.96,4,49,2,74,2,292,9,0
0.06554399,0,5.47,A,0.12,6,31,3,90,1,697,1,0
0.049842748,0,4.66,D,0.28,7,13,1,63,4,892,10,0
0.600706591,1,2.8,B,0.85,4,44,0,13,3,259,5,0
0.859684947,1,5.72,D,0.61,8,20,3,48,3,885,1,1
0.959808178,0,6.3,D,0.06,8,92,3,12,7,60,10,0
0.687907349,0,1.39,D,0.51,1,2,1,55,5,58,6,0
0.616633884,1,2.25,D,0.38,4,69,3,17,6,972,1,0
0.546751005,1,5.4,D,0.23,4,50,2,38,1,422,7,0
0.379117037,1,8.86,D,0.16,7,55,1,29,2,827,9,0
0.124045843,1,1.22,B,0.8,5,97,3,87,7,927,0,0
0.593430406,0,6.71,B,0.56,,87,1,15,2,975,2,0
0.539682817,1,3.33,A,0.23,,16,0,47,1,815,5,0
0.32724926,0,9.23,D,0.78,0,97,3,55,3,589,10,0
0.189850469,1,0.35,A,0.28,5,3,0,84,4,692,3,0
0.075216388,1,9.93,D,0.47,2,18,2,20,5,348,4,0
0.24468564,1,8.92,D,0.37,6,48,2,1,6,252,6,0
0.428848422,1,3.93,D,0.35,9,14,0,60,0,902,3,1
0.247389562,1,0.48,D,0.68,1,80,2,21,1,887,8,0
0.492587747,0,9.21,D,0.03,6,50,0,18,3,517,0,0
0.377635123,1,9.18,D,0.4,1,25,3,25,4,924,9,0
0.915284768,0,5.8,B,0.88,7,68,1,73,0,189,6,0
0.538296578,1,7.1,A,0.91,6,67,1,16,2,142,10,0
0.366982141,0,7.25,A,0.32,8,56,2,25,0,653,6,0
0.305773597,1,7.23,D,0.57,3,89,3,89,6,683,0,1
0.040767694,0,2.39,B,0.35,2,13,9999,84,5,418,0,0
0.627960779,0,8.53,A,0.73,6,1,0,36,7,101,5,1
0.153286604,0,3.28,D,0.51,9,84,2,100,5,357,1,0
0.916067095,0,0.98,A,0.15,4,74,1,45,1,433,7,0
0.389658936,0,2.32,A,0.13,7,52,1,37,3,999,2,0
0.548505139,0,1.82,A,0.82,2,81,3,2,4,225,9,0
0.937856472,0,4.42,B,0.37,5,8,1,75,5,569,6,0
0.869692436,0,0.18,B,0.72,2,16,2,25,0,932,3,0
0.763631627,0,2.51,A,0.16,,79,0,97,5,756,2,1
0.052178748,1,4.35,D,0.56,1,96,0,39,1,386,6,0
0.322836547,1,9.04,A,0.96,0,69,0,84,1,786,8,0
0.609390505,1,9.4,D,0.48,7,25,2,57,4,451,5,0
0.73496379,0,8.52,D,0.33,5,55,2,54,7,789,4,1
0.759701982,1,7.29,D,0,4,33,1,39,4,933,10,0
0.368817218,0,3.88,D,0.62,0,54,1,76,2,882,10,0
0.561039578,1,8.56,B,0.73,5,51,1,26,7,924,1,0
0.482945101,0,7.71,A,0.17,4,26,1,41,4,382,5,1
0.570370213,1,7.51,D,0.79,5,69,3,40,7,148,2,1
0.395358887,1,2.82,A,0.41,7,57,3,1,1,789,9,0
0.3372968,1,7.43,B,0.96,3,77,1,97,1,576,6,0
0.667210003,0,2.35,B,0.58,,33,2,94,3,538,10,0
0.806930333,0,7.72,B,0.3,7,19,1,28,0,562,3,0
0.578082014,0,4.29,A,0.14,9,18,0,93,0,525,0,1
0.060194972,1,3.93,D,0.81,8,90,0,81,2,605,4,1
0.256778899,0,7.61,A,0.16,2,35,2,45,0,53,7,0
0.22055307,0,6.06,D,0.29,9,79,2,99,5,873,6,0
0.039770049,0,5.21,D,0.91,,41,0,23,2,336,2,1
0.335748119,0,5.89,D,0.61,3,47,3,76,6,65,6,0
0.065814944,1,4.95,B,0.44,10,50,3,7,7,242,7,0
0.072411301,0,6.8,A,0.73,7,23,1,96,5,949,7,0
0.237441954,1,9.01,A,0.93,10,57,3,69,3,593,10,0
0.660954685,1,2.75,D,0.03,5,68,0,8,2,666,9,0
0.131756774,1,7.56,D,0.63,5,21,0,91,2,252,0,1
0.104606725,0,8.35,B,0.65,7,16,3,100,5,464,5,0
0.904154645,0,0.61,A,0.15,1,57,0,71,2,191,6,0
0.605324886,0,9.9,D,0.11,4,98,2,26,0,118,10,0
0.286528139,1,4.43,D,0.47,5,68,0,94,5,415,10,0
0.504670974,1,2.36,D,0.51,3,55,1,20,0,860,9,0
0.198191709,0,9.31,A,0.51,4,7,1,1,1,181,0,0
0.878200896,0,1.45,D,0.05,1,37,2,100,0,940,8,0
0.779141817,1,8.46,A,0.75,7,93,2,29,3,695,10,0
0.203977517,0,6.14,A,0.47,5,86,1,27,2,676,0,1
0.69604719,0,3.06,D,0.01,9,34,0,71,1,459,0,1
0.228387707,0,6.27,A,0.95,9,6,1,18,4,814,8,0
0.931310809,0,9.45,D,0.3,4,90,3,23,2,571,6,0
0.704489163,1,1.19,D,0.72,7,45,3,60,6,598,5,0
0.725619287,1,7.42,B,0.63,6,12,2,29,3,48,2,1
0.216611908,1,5.6,D,0.8,7,21,0,58,4,777,3,1
0.119679918,1,6.42,A,0.34,1,23,3,40,7,238,2,0
0.115720563,1,5.71,B,0.85,6,57,3,18,7,37,8,0
0.824139124,0,2.34,A,0.79,9,86,1,29,2,786,4,0
0.910523508,0,6.91,A,0.15,2,12,1,93,6,901,1,0
0.813216162,0,7.44,A,0.6,3,65,0,23,5,432,2,1
0.148534091,1,7.81,D,0.75,8,80,2,55,2,106,1,0
0.121812736,1,5.29,D,0.09,4,43,3,64,4,88,4,1
0.11908044,0,5.4,A,0.86,7,14,2,73,4,723,10,0
0.893269894,0,3.83,D,0.3,4,61,0,16,4,737,2,0
0.733231228,0,1.26,D,0.03,4,43,2,36,4,9,2,0
0.349883071,1,9.35,B,0.89,2,83,3,21,2,467,4,0
0.141927076,1,3.17,D,0.61,7,13,1,93,6,695,5,1
0.18659714,1,3.1,D,0.25,5,31,1,38,3,953,4,1
0.412369779,1,0.2,B,0.63,4,56,3,6,6,103,4,0
0.340015539,0,2.05,D,0.25,9,97,0,10,7,481,10,0
0.50047937,0,4.48,A,0.05,2,59,3,9,3,899,4,0
0.42459302,1,6.11,D,0.22,8,100,1,19,0,573,1,0
0.574204569,1,1.51,B,0.09,3,24,3,44,6,560,4,0
0.6274288,1,5.74,D,0.83,2,75,0,30,1,134,8,0
0.851200706,1,3.32,D,0.5,9,67,1,78,5,338,2,1
0.518773891,0,9.4,D,0.83,9,95,0,59,6,816,0,0
0.55881374,0,4.19,B,0.73,0,93,3,49,6,814,0,0
0.607583898,1,0.06,D,0.56,8,33,2,74,3,60,6,0
0.415785563,0,2.46,B,0.78,7,78,0,51,5,230,7,0
0.352332549,1,6.13,D,0.59,4,85,0,25,5,617,5,1
0.186828808,0,2.29,D,0.14,2,53,3,30,2,267,2,0
0.626483061,1,6.12,A,0.01,10,89,0,98,7,920,10,0
0.347885842,0,5.56,D,0.18,2,92,2,99,3,704,3,0
0.406291659,1,4.37,D,0.77,4,5,1,22,6,861,6,0
0.362951555,1,5.24,D,0.7,0,70,0,71,5,587,6,0
0.063112285,0,2.69,D,0.7,8,53,0,61,5,973,6,0
0.152566785,1,3.84,B,0.93,2,80,1,59,5,913,5,0
0.680451638,1,9.26,B,0.3,3,67,2,16,4,809,6,0
0.458661599,0,4.66,D,0.47,6,20,0,83,5,211,4,1
0.225189027,0,3.94,D,0.37,9,86,3,80,2,106,3,1
0.667285148,0,2.38,B,0.58,10,87,1,54,1,362,8,0
0.786693981,1,1.28,D,0.04,2,95,0,51,7,584,1,0
0.619285199,0,9.44,D,0.11,6,85,3,64,5,655,7,0
0.308792885,0,9.05,B,0.15,,87,0,71,0,529,4,0
0.914924231,1,4.04,A,0.96,3,56,2,75,5,493,10,0
0.860117545,0,4.11,A,0.41,2,77,3,35,2,495,2,0
0.637248388,1,0.13,B,0.84,,72,3,75,6,37,2,0
0.46356494,0,5.85,A,0.92,2,39,1,68,0,406,4,0
0.455826443,1,7.95,B,0.09,9,45,2,53,7,581,9,0
0.752203564,1,1.55,B,0.01,,63,3,100,1,172,3,0
0.644888688,1,3.9,A,0.47,9,99,0,87,7,150,8,0
0.296123702,0,3.27,B,0.95,6,49,1,77,6,805,6,0
0.993976622,0,0.94,B,0.72,4,78,0,37,3,536,4,0
0.561771686,1,3.35,D,0.23,4,87,0,36,7,992,0,1
0.205661256,0,1.69,D,0.03,2,87,0,29,3,357,4,0
0.919902651,0,0.42,B,0.64,6,42,0,38,6,444,0,0
0.434054719,1,9.18,A,0.83,3,29,0,35,2,193,9,0
0.180866305,1,8.64,B,0.97,1,0,9999,74,6,764,4,0
0.121479442,1,4.09,A,0.69,9,65,0,89,3,346,10,0
0.902642013,0,3.61,D,0.4,5,76,2,0,4,929,7,0
0.731102108,1,2.67,D,0.82,5,16,2,34,4,243,5,0
0.717351899,1,6.49,A,0.74,1,97,1,77,2,487,5,0
0.902181244,0,4.51,D,0.22,3,31,3,30,5,594,8,0
0.125753251,0,5.83,A,0.93,3,87,3,95,0,144,6,0
0.746819616,1,3.3,A,0.31,6,45,0,53,4,575,4,1
0.927368988,1,6.88,B,0.12,4,49,1,90,2,965,8,0
0.546438195,1,9.18,D,0.32,5,33,2,14,6,157,4,0
0.823006735,0,9.04,A,0.53,3,27,2,80,6,666,7,0
0.825278924,1,1.05,D,0.86,,80,3,55,6,114,3,0
0.179434655,1,4.41,B,0.12,5,45,3,51,6,555,4,0
0.294146304,0,6.55,A,0.91,2,77,3,57,7,557,0,0
0.141731469,1,1.61,A,0.14,,57,0,16,7,93,2,0
0.472250287,1,4.28,B,0.52,5,75,3,56,1,780,6,0
0.346016387,1,7.5,B,0.13,2,50,3,49,7,772,1,0
0.865383442,1,0.66,D,0.64,1,96,1,29,6,1,7,0
0.368550117,0,0.32,B,0.2,1,83,2,66,2,413,2,0
0.454938537,0,0.83,D,0.27,4,89,2,26,0,572,5,0
0.545826283,0,8.17,A,0.61,9,17,1,55,4,161,7,0
0.532741974,0,8.75,D,0.17,4,28,2,81,6,385,9,0
0.686263863,0,1.32,D,0.77,7,0,2,37,5,747,2,0
0.122808805,0,2.35,D,0.69,4,64,1,59,5,638,6,0
0.115927417,0,2.9,D,0.42,5,35,3,33,3,522,3,1
0.849644623,0,5.88,A,0.93,5,73,2,18,4,332,10,0
0.619131668,1,3.99,B,0.01,7,46,3,38,7,945,5,1
0.225165703,0,5.87,A,0.78,4,1,1,20,7,947,2,0
0.510982327,0,2.05,D,0.02,2,32,2,68,7,501,9,0
0.184503574,1,5.33,B,0.58,7,41,1,61,1,57,5,1
0.082839605,0,7.71,B,0.18,8,85,2,34,4,882,7,0
0.613171638,0,6.87,D,0.63,2,36,0,78,6,968,6,0
0.385570164,0,9.79,D,0.58,4,54,2,30,5,713,4,0
0.269565301,0,8.08,D,0.45,5,51,3,85,2,875,2,1
0.521383273,0,2.25,B,0.38,,76,3,60,2,182,5,0
0.107490729,1,4.46,A,0.43,2,47,3,22,1,524,1,0
0.805237649,0,8.87,B,0.41,2,6,1,43,5,888,8,0
0.139416502,1,2.08,D,0.48,9,54,2,91,1,290,0,0
0.04022603,1,7.63,B,0.22,6,94,3,85,1,983,10,0
0.249714369,0,8.08,B,0.61,5,50,2,72,2,261,2,0
0.231218505,1,4.16,D,0.88,2,50,3,22,0,811,7,0
0.443569337,1,5.83,B,0.87,3,36,3,38,4,262,5,0
0.882607715,0,8.13,D,0.69,2,79,2,22,4,24,4,0
0.076265478,1,5.77,A,0.33,7,57,0,82,5,682,2,1
0.756435642,1,3.45,B,0.27,8,74,2,8,5,720,10,0
0.375693074,0,8.66,D,0.29,2,11,0,87,7,227,0,0
0.869194478,0,5.27,B,0.75,3,60,2,49,2,148,10,0
0.244184803,0,0.72,A,0.13,10,63,2,35,1,672,9,0
0.235594133,1,6.61,B,0.18,6,39,2,59,5,15,0,1
0.160456464,1,1.35,D,0.78,5,56,0,89,2,627,9,0
0.83419529,1,2.43,B,0.33,2,60,0,38,4,971,7,0
0.100104914,1,2.36,D,0.99,8,60,1,45,5,777,0,0
0.135408844,1,7,D,0.24,,91,3,44,0,795,1,1
0.922556256,0,0.58,A,0.76,3,62,0,26,2,174,1,0
0.457184172,1,6.43,A,0.74,5,45,2,74,0,605,5,1
0.062491409,0,8.07,A,0.6,6,60,0,92,7,802,3,1
0.014379725,1,4.48,A,0.26,2,3,3,59,0,201,7,0
0.906698261,0,7.3,D,0.69,7,29,2,95,4,497,6,0
0.660999448,1,3.56,A,0.57,10,67,3,46,6,505,7,0
0.952769333,1,0.65,B,0.07,1,40,1,45,7,456,6,0
0.144353763,0,0.83,B,0.92,7,3,3,68,4,956,9,0
0.158679584,1,5.64,D,0.7,3,88,0,10,6,798,8,0
0.605714532,0,5.48,A,0.59,9,70,2,62,1,367,1,0
0.790416905,1,1.84,A,0.18,6,19,0,58,1,785,3,0
0.819269998,0,6.25,D,0.76,10,99,0,20,3,636,7,0
0.804890473,1,4.56,B,0.97,8,73,2,52,3,546,3,0
0.74089482,1,6.2,D,0.62,3,43,1,98,1,702,1,0
0.927061472,0,8.77,A,0.39,1,40,2,60,4,189,9,0
0.437733297,0,0.27,D,0.47,7,70,3,56,3,12,8,0
0.185075969,0,2.21,D,0.5,9,56,0,78,0,636,1,0
0.096234722,1,1.18,B,0.21,1,25,3,47,3,748,10,0
0.56110109,0,6.89,D,0.81,9,33,2,53,4,853,0,1
0.039428828,0,0.85,A,0.59,5,85,3,9,1,907,3,0
0.468697202,0,8.29,D,0.38,3,5,2,93,3,106,3,1
0.858307043,0,3.89,D,0.49,2,33,3,81,7,848,5,0
0.904927316,1,0.63,A,0.81,3,23,9999,98,3,66,8,0
0.343423153,0,0.59,B,0.12,8,84,2,2,0,53,9,0
0.433015069,0,0.56,A,0.69,10,43,1,16,3,528,5,0
0.939890721,1,6.78,D,0.25,10,49,0,71,6,77,6,0
0.549383268,1,6.64,A,0.03,,57,0,49,3,249,8,0
0.481234104,0,2.35,D,0.81,2,59,3,31,2,80,10,0
0.790896296,1,1.29,D,0.92,1,50,2,12,4,925,3,0
0.276093508,0,0.31,D,0.58,7,98,3,32,6,617,10,0
0.739833816,0,5.67,B,0.6,7,15,0,37,1,524,4,0
0.534777097,1,4.31,D,0.2,9,51,2,55,6,740,0,1
0.243070544,1,2.89,D,0.7,4,18,1,47,5,454,4,1
0.417226369,1,6.57,B,0.17,6,1,2,61,7,303,7,0
0.467666561,1,6.47,A,0.26,1,12,0,61,1,914,3,0
0.943446773,0,5.81,D,0.97,3,76,3,11,1,288,1,0
0.658658231,0,6.66,D,0.04,8,95,2,47,2,651,9,0
0.513431552,0,8.01,B,0.63,0,75,3,88,7,751,4,0
0.567837595,0,6.21,D,0.22,6,46,3,10,6,468,8,0
0.221619843,0,1.51,B,0.76,8,27,3,93,0,356,3,0
0.486491535,0,1.61,D,0.65,3,100,0,37,7,340,7,0
0.223329145,0,8.76,D,0.6,3,39,1,40,7,796,6,0
0.749938442,0,2.24,A,0.99,0,96,1,29,1,847,1,0
0.439317997,1,6.56,D,0.43,0,15,1,40,6,180,2,0
0.746314793,1,4.88,D,0.47,2,53,1,87,7,615,3,0
0.073408283,0,7.49,B,0.5,5,91,0,97,2,206,9,0
0.316392219,0,4.59,B,0.13,0,4,3,38,5,278,9,0
0.945143434,0,0.25,D,0.48,5,93,0,94,3,869,4,0
0.776252789,1,4.68,A,0.16,9,70,9999,89,7,192,6,0
0.276548592,0,3.39,D,0.92,3,38,2,2,2,367,9,0
0.481461854,0,9.26,A,0.36,10,14,1,28,2,161,10,0
0.735668078,1,3.45,D,0.49,3,17,1,36,1,582,4,0
0.51384041,0,7,B,0.13,3,73,1,23,7,517,9,0
0.535038805,1,8.7,B,0.34,9,96,1,85,7,128,0,0
0.05881992,1,2.63,A,0.04,7,16,0,62,5,373,0,1
0.950351851,1,0.48,B,0.48,6,97,3,86,6,452,10,0
0.860187154,1,9.21,D,0.81,4,89,1,73,3,30,9,0
0.770796297,1,6.43,D,0.84,2,18,1,99,7,538,3,0
0.166396764,1,6.78,B,0.99,10,90,1,45,7,35,5,1
0.540369166,1,6.94,D,0.43,4,74,3,21,5,266,1,1
0.267863569,1,6.84,A,0.7,4,99,0,62,4,397,2,1
0.150170273,1,6.44,A,0.75,5,8,3,85,4,340,2,1
0.38511156,1,5.69,A,0.51,8,88,1,32,4,36,9,0
0.816677552,1,8.11,B,0.09,0,3,0,31,6,90,7,0
0.799852219,0,8.77,D,0.68,5,23,2,27,3,973,8,0
0.467696751,1,5.81,D,0.27,4,41,3,11,2,858,1,0
0.715044288,0,0.12,D,0.88,7,20,2,45,0,130,7,0
0.951718738,1,7.06,D,0.65,3,97,2,92,1,200,10,0
0.674467552,0,5.47,B,0.02,4,80,0,70,1,851,7,0
0.528860353,0,0.07,B,0.57,8,95,2,78,4,489,1,0
0.834959703,0,0.6,D,1,7,67,1,65,1,841,1,0
0.751896954,0,7.4,B,0.86,4,81,0,14,0,595,5,0
0.28006295,1,1.84,D,0.21,5,51,3,82,0,965,7,0
0.9545007,0,9.24,A,0.74,7,91,1,71,0,795,0,0
0.488929959,0,2.31,D,0.56,8,72,1,100,0,253,4,0
0.416972127,0,8.66,B,0.36,4,39,0,44,7,653,9,0
0.830829567,0,3.67,B,0.94,4,2,0,24,2,817,4,0
0.863087639,0,5.03,D,0.12,5,48,0,65,3,573,1,1
0.603422343,0,5.34,B,0.43,1,87,1,27,2,478,7,0
0.204931013,1,5.87,B,0.27,2,46,0,73,4,548,2,0
0.037312182,1,9.7,D,0.43,8,57,2,70,6,358,5,0
0.02282727,0,1.07,D,0.67,,1,2,69,4,183,6,0
0.600844526,0,1.87,D,0.8,3,59,1,0,6,393,5,0
0.536198903,1,4.22,B,0.03,3,72,2,25,2,194,6,0
0.289311775,0,9.06,D,0.31,2,6,3,30,5,779,8,0
0.343228027,0,2.26,A,0.7,6,49,3,11,3,301,10,0
0.083011704,1,7.68,D,0.34,1,23,3,81,6,292,1,0
0.149747838,0,4.52,D,0.27,10,67,3,42,5,276,4,1
0.407025057,0,5.51,D,0.7,8,53,0,91,2,368,5,1
0.264864733,0,8.83,A,0.3,3,46,0,97,0,722,1,0
0.881520126,0,4.27,B,0.95,9,32,0,92,2,564,3,0
0.210655394,1,4.16,B,0.38,4,47,1,51,7,493,6,0
0.275014203,0,0.73,D,0.04,1,48,0,41,1,10,2,0
0.072110344,0,4.31,D,0.95,6,35,3,100,3,899,0,1
0.313030224,1,4.5,D,0.31,8,63,0,16,6,747,5,0
0.363584547,0,0.91,D,0.75,8,41,2,13,0,380,5,0
0.074243797,0,1.85,B,0.88,8,44,1,29,4,865,9,0
0.541045017,0,4.34,B,0.07,9,28,0,52,2,620,10,0
0.174853365,1,2.03,D,0.56,1,81,1,72,0,846,7,0
0.612562019,1,1.09,D,0.3,5,86,0,27,6,171,5,0
0.899078814,0,1.3,D,0.34,4,35,0,20,3,651,6,0
0.270472792,0,1.3,B,0.69,4,66,9999,66,2,494,4,0
0.696128837,1,0.21,A,0.26,3,89,0,34,5,783,9,0
0.216948628,1,8.82,D,0.96,2,88,9999,28,3,927,4,0
0.024442133,0,6.41,D,0.55,4,78,2,47,1,885,10,0
0.434639468,0,1.04,D,0.24,8,93,1,0,6,668,0,0
0.322856405,1,1.03,D,1,7,54,3,60,0,927,6,0
0.37667095,0,5.02,B,0.24,1,53,3,15,0,432,6,0
0.097582949,0,1.15,B,0.83,3,68,2,53,0,126,8,0
0.874479641,1,9.61,B,0.28,9,37,2,46,0,929,8,0
0.613779786,1,2.87,D,0.27,7,67,3,71,4,143,6,0
0.286856043,1,0.34,A,0.26,,92,0,96,7,824,5,0
0.041616058,0,3.58,D,0.11,4,20,1,58,5,247,2,1
0.10697274,0,4.1,A,0.22,0,54,0,96,6,549,5,0
0.756248613,1,6.92,B,0.64,6,6,0,80,2,197,8,0
0.110769284,0,3.42,D,0.31,9,66,2,20,3,227,9,0
0.962097017,0,3.82,A,0.8,8,29,0,28,1,67,2,1
0.672860286,0,8.47,B,0.87,7,1,3,34,5,838,5,0
0.914129661,0,6.8,D,0.33,7,54,1,90,6,613,3,1
0.693437754,0,7.86,A,0.19,8,7,3,24,3,472,8,0
0.72880461,1,0.05,D,0.38,8,3,1,7,3,351,8,0
0.804057318,1,9.14,B,0.69,7,27,2,3,6,755,2,0
0.675550712,0,2.7,B,0.82,8,14,3,40,2,142,10,0
0.268532579,1,4.98,D,0.57,7,41,3,87,2,572,1,1
0.702722881,0,5.63,D,0.97,7,76,1,60,3,61,5,1
0.023939184,0,6.26,A,0.76,6,44,0,54,2,941,7,0
0.609287568,0,1.49,D,0.5,9,63,2,50,2,980,3,0
0.225767744,0,5.93,A,0.96,8,7,0,85,4,277,2,1
0.280308941,0,7.6,D,0.49,6,28,2,71,5,567,6,0
0.82831644,1,4.4,A,0.85,4,98,3,90,7,68,1,1
0.094178365,1,5.4,B,0.88,8,79,1,70,3,10,0,1
0.790412472,1,8.79,D,0.67,7,18,9999,88,2,200,10,0
0.054282602,1,1.85,D,0.34,1,68,0,64,0,832,0,0
0.014221795,1,9.85,B,0.83,2,70,1,88,0,855,3,0
0.442277655,0,2.98,D,0.33,10,58,2,95,5,348,0,1
0.59378743,0,2.89,D,0.15,3,13,2,35,2,128,5,1
0.516354379,1,10,D,0.78,1,33,1,71,4,775,4,0
0.162645954,1,9.12,A,0.5,4,11,1,19,5,673,2,0
0.626075997,0,7.93,B,0.04,9,4,1,72,7,105,1,0
0.864222384,0,4.31,D,0.72,3,22,2,30,2,465,2,1
0.401216019,0,7.87,B,0.83,3,96,3,31,6,793,3,0
0.251006855,1,1.3,A,0.7,9,0,3,44,3,513,10,0
0.317420886,1,4.28,B,0.88,9,15,1,2,0,848,3,0
0.309836049,0,1.55,D,0.94,1,64,2,4,3,467,5,0
0.072902281,1,6.79,B,0.23,8,25,3,50,1,914,0,0
0.139954009,0,9.28,D,0.39,1,21,2,98,3,126,9,0
0.972108303,0,5.01,D,0.44,8,40,2,16,7,245,1,0
0.817597678,1,4.47,A,0,5,95,0,59,5,726,6,0
0.638743405,0,7.41,D,0.3,10,93,1,50,4,532,4,1
0.944162292,0,3.68,D,0.8,5,29,3,33,0,355,9,0
0.694426657,1,8.35,A,0.92,10,23,0,100,3,583,3,1
0.854107193,0,0.22,B,0.76,5,8,0,17,4,438,3,0
0.766532877,0,7.67,B,0.73,10,97,1,92,4,341,0,0
0.215374536,1,0.35,D,0.73,3,25,0,87,0,3,8,0
0.112309674,1,4.87,B,0.08,7,60,0,73,3,947,2,0
0.767528926,1,3.24,A,0.24,5,7,3,10,6,397,4,0
0.262792971,1,3.54,D,0.27,,74,1,49,6,29,4,1
0.37092355,1,4.66,B,0.57,4,68,0,5,4,547,9,0
0.36389712,0,1.3,B,0.2,4,25,1,60,3,171,2,0
0.956221167,1,2.86,B,0.48,9,67,1,98,3,400,4,0
0.169111705,1,8.37,D,0.03,10,61,3,82,0,11,10,0
0.896102375,1,1.16,B,0.11,6,60,0,94,4,396,7,0
0.698408404,0,1.49,A,0.73,7,66,3,33,0,932,10,0
0.91501538,0,3.64,D,0.6,2,62,2,8,3,761,4,0
0.589436127,1,6.72,D,0.78,3,11,9999,95,1,33,2,1
0.987597824,1,0.22,A,0.02,2,21,0,33,2,87,9,0
0.822910163,0,2.93,D,0.75,2,69,3,36,2,535,6,0
0.075068085,0,5.38,D,0.66,,80,3,86,6,710,1,1
0.140143302,1,1.7,D,0.46,2,16,0,86,0,955,8,0
0.00592827,0,2.61,D,0.02,1,65,1,33,3,120,0,1
0.8809874,0,5.52,B,0.38,1,79,2,96,4,161,10,0
0.88126913,0,9.95,B,0.66,7,40,1,62,6,524,0,0
0.785849424,1,6.31,D,0.19,1,62,2,42,2,996,7,0
0.733795628,1,0.4,A,0.08,8,86,1,88,5,750,0,0
0.996373864,1,2.75,D,0.83,7,35,3,63,0,254,9,0
0.905510645,1,5.7,D,0.97,2,51,1,21,2,977,6,0
0.89276283,1,7.11,B,0.68,1,46,0,22,0,722,2,0
0.552683516,1,3.82,B,0.17,4,57,0,88,6,853,8,0
0.952163438,0,2.68,D,0.33,9,98,1,39,6,282,10,0
0.017991356,0,8.11,D,0.77,1,33,1,82,1,670,7,0
0.042153797,0,1.17,B,0.91,0,80,1,54,2,49,10,0
0.373218181,1,3.85,D,0.73,8,88,0,79,2,274,6,0
0.982194729,0,8.08,D,0.64,1,54,0,10,7,516,1,0
0.036657661,1,6.88,D,0.86,3,43,3,39,2,329,8,0
0.899129584,0,3.49,A,0.93,1,88,1,92,7,7,6,0
0.448780036,0,6.59,A,0.9,7,43,2,81,4,692,1,1
0.011741316,0,5.87,A,0.9,4,9,3,67,3,690,3,1
0.971977239,0,1.32,D,0.42,9,89,2,64,4,879,8,0
0.150604697,1,5.95,B,0.52,5,63,3,93,4,941,3,0
0.270373502,0,8.8,B,0.62,0,96,2,21,0,316,3,0
0.858381852,0,0.65,D,0.15,3,17,1,0,1,219,0,0
0.099484423,0,8.87,B,0.26,6,63,0,79,4,120,10,0
0.541299891,0,0.42,D,0.55,6,86,2,1,5,114,5,0
0.952030721,1,2.82,A,0.64,6,91,1,52,5,909,3,1
0.813151278,1,3.77,B,0.89,1,86,1,45,0,395,8,0
0.979393098,0,7.88,A,0.98,5,52,1,23,3,661,9,0
0.315894946,0,7.09,A,0.15,2,71,3,82,0,869,1,0
0.843758996,1,7.37,D,0.77,5,0,1,68,6,101,1,0
0.023837127,1,3.79,D,0.67,1,29,3,7,4,336,0,0
0.076579673,0,6.11,D,0.79,9,73,0,45,1,335,7,0
0.791924363,1,7.87,B,0.55,2,98,2,73,6,368,0,0
0.682246374,0,6.65,B,0.73,3,49,2,82,6,30,7,0
0.078408205,0,0.41,D,0.92,3,6,3,81,1,69,8,0
0.28674235,1,5.88,B,0.98,9,98,3,90,7,991,6,0
0.655326306,0,7.16,A,0.04,6,66,3,3,4,987,4,0
0.628137377,0,4.21,D,0.38,1,63,0,29,3,608,7,0
0.411169092,0,4.9,D,0.47,0,83,1,27,3,411,3,0
0.487469023,0,0.8,A,0.53,1,22,3,94,7,909,6,0
0.486583765,1,8.84,A,0.12,3,19,1,62,1,148,10,0
0.230519342,1,5,D,0.91,6,87,0,99,6,959,3,1
0.32203209,0,2.5,A,0.31,3,22,1,28,2,349,4,1
0.717343069,0,1.46,B,0.98,5,5,0,26,1,219,2,0
0.910394045,1,5.81,B,0.51,5,21,3,16,1,470,2,0
0.662498722,0,6.55,D,0.99,1,34,3,73,0,994,7,0
0.262274609,1,7.81,A,0.26,5,75,0,29,7,483,7,0
0.758124094,1,6.69,D,0.34,4,63,3,74,3,913,1,0
0.852763125,0,9.01,D,0.39,7,95,3,70,4,720,6,0
0.94013159,1,8.37,B,0.85,2,23,2,91,5,742,2,0
0.053721108,0,6.17,D,0.06,7,57,1,68,2,670,8,0
0.670160329,1,3.2,A,0.59,6,41,0,0,3,598,6,0
0.657944436,0,0.79,D,0.26,10,80,0,55,0,287,6,0
0.984521224,0,3.65,B,0.86,3,56,2,72,0,522,1,0
0.3366438,1,8.13,B,0.53,7,4,1,55,6,590,5,0
0.962411802,0,1.19,A,1,1,18,1,31,7,859,5,0
0.654686601,0,3.89,B,0.63,5,6,1,91,5,564,5,0
0.009033834,0,6.75,B,0.98,1,47,3,3,1,908,10,0
0.233906568,0,0.01,D,0.49,7,19,0,98,0,882,1,0
0.782652636,0,4.47,D,0.63,8,84,2,30,4,492,8,0
0.126930188,0,7.42,A,0.9,10,49,3,35,5,675,3,1
0.846748106,0,2.26,D,0.57,6,13,3,64,2,282,9,0
0.653535132,0,2.02,A,0.81,2,93,1,8,2,443,10,0
0.36049911,1,4.91,A,0.15,8,59,2,80,1,523,5,0
0.503949386,0,0.15,D,0.91,7,50,3,88,1,543,5,0
0.678910664,0,2.63,B,0.01,5,3,1,40,7,324,7,0
0.885111936,1,8.96,A,0.03,3,1,0,83,2,653,6,0
0.728231822,0,3.28,A,0.28,6,17,3,13,2,783,7,0
0.596761078,0,2.15,B,0.11,3,40,3,64,0,68,10,0
0.755735185,1,2.46,D,0.91,4,24,9999,62,6,773,10,0
0.847065738,0,7.19,B,0.14,1,16,2,99,3,294,4,0
0.221248905,0,4.71,D,0.25,4,46,2,98,7,985,9,0
0.575185491,0,5.68,D,0.08,2,51,1,11,4,880,4,0
0.904887331,1,1.2,A,0.93,4,60,3,18,3,868,7,0
0.819764359,1,8.64,D,0.95,1,80,3,58,5,942,2,0
0.922472752,1,5.58,B,0.18,6,86,1,33,0,52,1,1
0.153461677,1,8.45,B,0.1,8,5,1,45,7,339,4,0
0.365345782,0,4.73,D,0.68,9,17,2,65,0,502,3,1
0.47225636,0,5.17,D,0.05,3,33,9999,2,6,231,8,0
0.040155817,1,7.88,D,0.51,8,43,0,64,1,145,2,0
0.59968908,1,8.48,A,0.86,4,0,2,27,5,959,4,1
0.627418912,0,6.62,D,0.66,6,50,0,45,6,969,0,1
0.318099904,0,2.78,D,0.66,5,45,0,37,2,486,2,1
0.206485738,0,0.25,A,0.9,9,20,3,90,0,98,10,0
0.783580428,1,9.82,A,0.38,7,66,0,54,3,400,10,0
0.68962241,0,1.43,B,0.21,8,28,3,48,5,533,9,0
0.418376417,1,1.42,D,0.81,8,9,3,28,0,612,10,0
0.778008382,1,6.17,B,0.38,1,27,2,67,3,757,6,0
0.349472884,0,1.27,D,0.82,8,18,2,34,4,709,9,0
0.218730199,1,9.58,A,0.63,4,1,3,51,4,458,3,0
0.594374937,1,4.68,D,0.55,5,96,0,100,3,25,5,1
0.672782224,1,8.24,D,0.91,1,8,2,45,7,490,3,0
0.076506131,0,9.37,D,0.23,9,6,2,46,5,710,2,0
0.216199837,0,1.86,D,0.89,4,31,3,13,6,876,4,0
0.301403952,0,4.17,D,0.33,1,63,2,92,1,866,5,0
0.75491618,1,5.58,A,0.94,1,39,0,22,0,525,8,0
0.871245316,0,3.55,B,0.28,2,97,3,85,3,617,3,0
0.784916859,1,2.92,D,0.18,0,22,0,43,6,464,3,0
0.455583056,1,6.92,D,0.08,8,43,2,69,4,124,8,0
0.539236255,0,2.17,D,0.95,,80,3,65,7,438,0,0
0.259961622,0,0.56,D,0,3,26,2,75,2,630,2,0
0.835243947,0,7.71,D,0.81,9,7,1,35,7,588,8,0
0.814026791,1,4.56,D,0.79,0,27,1,63,4,439,1,0
0.806235808,1,6.92,D,0.55,0,98,9999,54,7,646,6,0
0.690686312,0,5.06,B,0.26,4,10,9999,95,1,67,3,1
0.688390229,0,4.19,D,0.24,4,5,1,29,4,54,2,1
0.471857862,0,3.04,D,0.15,1,87,0,80,3,343,0,0
0.034672263,1,7,B,0.2,5,67,0,18,4,127,9,0
0.812733265,0,0.94,D,0.12,6,56,3,72,0,198,2,0
0.903511153,0,6.31,A,0.39,0,24,3,58,2,528,4,0
0.982329491,1,9.64,D,0.39,8,74,2,53,4,893,1,0
0.674495269,0,0,A,0.98,6,49,1,92,1,989,3,0
0.153953864,0,8.52,B,0.48,,61,1,35,6,796,10,0
0.460214281,0,0.63,B,0.89,6,40,9999,36,2,463,10,0
0.809172321,1,5.82,D,0.98,3,37,9999,83,7,703,10,0
0.431609199,1,3.25,B,0.77,8,5,1,18,2,170,2,0
0.079963995,1,0.77,D,0.55,5,14,0,46,2,786,8,0
0.654655107,0,7.21,B,0.03,9,38,0,2,2,961,7,0
0.643281435,0,1.33,A,0.14,9,70,1,96,6,612,6,0
0.619838686,0,4.6,D,0.41,3,37,2,95,3,488,2,1
0.598709488,1,5.61,D,0.47,0,65,2,14,3,195,9,0
0.220439688,0,8.46,D,0.96,,73,3,23,5,72,2,1
0.751966445,0,2.74,D,0.83,5,24,0,53,6,53,5,1
0.003947495,1,2.34,D,0.8,10,11,2,64,0,958,2,0
0.71371661,0,2.28,D,0.47,5,50,0,22,1,158,9,0
0.075569362,0,4.44,D,0.64,10,15,1,45,2,609,6,0
0.983714621,0,4.72,D,0.14,6,91,0,16,5,663,6,0
0.503935297,1,1.19,D,0.94,3,79,1,56,1,113,10,0
0.425481342,0,4.84,D,1,10,51,0,54,5,948,2,1
0.916649638,0,0.14,B,0.86,6,50,2,40,0,416,10,0
0.433917598,0,3.76,D,0.13,7,72,0,94,3,67,4,1
0.450174217,0,7.35,B,0.75,7,35,2,39,6,811,7,0
0.90911971,0,5.67,B,0.32,4,89,1,68,6,256,1,0
0.157247564,1,6.93,A,0.32,10,59,2,79,3,878,2,1
0.542283245,1,2.07,A,0.75,9,60,1,72,6,544,2,0
0.838541109,0,4.48,A,0.74,6,7,1,5,5,118,10,0
0.845610225,0,1.05,D,0.29,3,32,2,5,3,915,10,0
0.286581114,1,5.46,D,0.93,5,35,0,24,7,899,1,1
0.258926645,0,0.08,D,0.93,9,88,3,15,1,663,3,0
0.412502829,0,3.92,B,0.51,8,17,0,24,1,969,4,0
0.883371755,0,2.81,A,0.05,8,93,1,34,7,640,3,1
0.862012783,1,4.26,D,0.93,0,77,3,33,4,22,0,0
0.559068883,1,7.5,B,0.26,0,69,2,24,2,227,5,0
0.877624745,1,1.21,D,0.57,1,89,3,58,4,454,7,0
0.164973017,1,4.29,B,0.8,0,23,1,14,7,17,7,0
0.298996175,0,5.93,D,0.23,0,52,3,53,7,533,6,0
0.426534237,1,7.53,B,0.45,5,29,2,24,0,867,3,0
0.319639629,0,6.18,A,0.47,10,36,2,87,2,679,10,0
0.882504307,1,5.31,B,0.75,4,49,2,19,5,718,7,0
0.758026752,0,9.78,A,0.28,9,3,2,92,0,929,1,0
0.258051573,1,1.54,D,0.87,3,91,0,90,7,362,7,0
0.195655205,0,6.53,D,0.23,1,10,1,91,3,119,2,0
0.58304917,0,1.25,B,0.41,2,8,3,54,5,344,9,0
0.716559208,1,0.6,D,0.12,8,48,2,44,1,585,4,0
0.489840259,1,3.05,A,0.41,3,33,1,61,3,559,5,1
0.455552306,1,3.48,D,0.89,7,42,2,70,6,559,1,1
0.263436678,0,1.51,D,0.77,1,36,3,38,4,36,3,0
0.262010136,0,0.19,D,0.62,3,6,1,40,0,966,8,0
0.145035923,1,6.47,A,0.67,8,59,1,47,1,215,3,0
0.936856181,1,7.5,A,0.41,8,11,2,48,2,790,7,0
0.005449207,0,4.19,A,0.29,5,0,1,75,5,52,10,0
0.283581684,0,7.82,D,0.14,6,32,2,46,0,124,6,0
0.485840565,0,4.79,D,0.84,9,39,3,59,4,64,3,0
0.759944558,1,9.74,A,0.71,4,78,1,11,5,826,5,0
0.317888489,0,0.81,D,0.1,2,57,1,25,0,983,10,0
0.983760882,0,9.77,D,0.16,7,39,2,62,4,638,7,0
0.392571438,0,3.46,B,0.51,0,70,3,16,2,817,0,0
0.853131735,1,7.29,A,0.14,4,48,1,90,1,60,0,1
0.652672514,1,8.31,D,0.33,2,20,9999,46,5,254,3,0
0.088118156,1,8.48,D,0.32,5,77,1,55,2,976,6,0
0.710012431,0,1.3,D,0.63,5,63,0,63,0,860,6,0
0.059440939,1,1.76,B,0.71,9,1,0,95,7,527,3,0
0.657627307,0,8.85,B,0.75,,26,2,61,5,83,7,0
0.093873153,1,7.91,D,0.8,8,61,2,26,0,696,5,1
0.435933436,0,8.6,D,0.85,1,44,0,31,5,965,0,0
0.460419132,0,3.33,A,0.18,5,27,0,40,2,584,1,1
0.225497489,1,3.09,D,0.08,8,22,0,18,0,10,6,0
0.187060348,1,2.34,D,0.12,6,55,0,52,2,122,4,0
0.398850555,1,6.34,A,0.91,4,83,3,86,6,967,1,1
0.670514749,0,9.18,B,0.5,8,60,0,38,6,249,3,0
0.306000955,1,3.33,D,0.95,9,29,3,5,6,129,8,0
0.415911794,1,9.85,D,0.39,2,39,1,28,4,905,1,0
0.319627954,1,3.75,B,0.14,8,61,0,41,1,544,10,0
0.626026929,0,5.13,D,0.47,0,67,0,79,4,769,7,0
0.504446232,1,8.77,D,0.66,1,25,0,32,3,172,1,0
0.025539325,1,2.69,A,0.61,8,85,2,65,2,224,7,0
0.126280174,0,5.01,D,0.21,10,22,0,25,1,754,2,0
0.73196245,0,3.66,A,0.93,8,61,0,10,5,710,7,0
0.463901871,1,6.72,D,0.78,6,47,0,82,1,941,1,0
0.430065538,1,5.33,A,0.58,10,65,1,83,5,547,10,0
0.744264652,1,7.85,A,0.15,4,40,1,12,4,216,1,0
0.930815262,0,6.01,D,0.44,0,67,0,64,0,341,5,0
0.37405374,1,6.9,D,0.75,10,5,3,90,4,287,5,1
0.467576987,0,5.43,D,0.47,10,49,0,43,7,952,8,0
0.438439377,0,8.07,D,0.64,9,79,0,9,5,282,1,0
0.263227206,1,2.3,A,0.34,10,18,1,63,3,160,4,0
0.074298928,0,7.36,D,0.43,3,94,1,27,5,770,2,0
0.500338092,1,3.44,D,0.94,8,21,2,33,1,720,10,0
0.987013347,0,2.71,A,0.29,8,43,0,20,6,716,5,0
0.704801375,1,6.52,D,0.82,7,95,3,94,4,745,7,0
0.156280697,1,2.56,D,0.64,4,54,1,8,0,704,10,0
0.59861502,0,8.97,D,0.32,6,46,3,30,2,257,3,0
0.137151525,0,0.98,D,0.91,5,53,3,100,6,986,4,0
0.642875022,1,6.41,D,0.15,2,73,3,73,6,753,10,0
0.748363696,1,5.31,B,0.16,7,97,1,65,5,363,8,0
0.311890499,1,5.02,D,0.82,5,93,3,6,3,19,9,0
0.672756608,0,1.84,D,0.42,7,10,3,11,2,277,8,0
0.827595147,0,4.28,B,0.11,7,33,3,22,2,351,1,0
0.384654457,1,2.88,B,0.77,7,70,3,40,1,442,4,0
0.899822358,1,4.11,B,0.17,,87,0,45,7,878,8,0
0.941792913,1,6.63,B,0.82,6,79,1,54,4,106,10,0
0.105244378,1,4.67,D,0.79,2,63,3,79,0,711,5,0
0.465684279,0,3.34,A,0.4,9,71,3,6,6,846,1,0
0.20684332,0,0.31,A,0.72,10,53,3,5,0,102,8,0
0.395278532,0,9.57,A,0.2,5,85,3,60,1,468,5,0
0.641976991,0,3.29,D,0.78,3,69,0,39,2,35,5,1
0.246495556,1,6.27,A,0.94,7,11,0,36,4,118,9,0
0.089389717,0,8.53,B,0.17,1,2,3,6,6,797,4,0
0.853945915,0,6.59,D,0.03,5,10,1,59,2,457,10,0
0.464471158,1,9.08,D,0.51,,76,0,85,0,765,1,0
0.508731483,0,9.07,B,0.28,4,70,0,30,4,166,1,0
0.845342767,1,5.99,D,0.76,3,42,0,97,6,737,3,1
0.850007161,0,7.65,A,0.71,5,67,0,26,5,904,4,1
0.599831702,0,5.04,D,0.97,2,95,1,41,7,397,0,0
0.383178817,0,0.34,B,0.58,5,4,1,41,7,369,6,0
0.754832915,1,9.03,D,0.4,5,4,3,14,5,720,10,0
0.611267491,1,2.7,A,0.11,4,72,2,30,6,556,9,0
0.607104016,1,4.54,D,0.75,8,61,3,43,2,658,7,0
0.018050457,1,0.96,B,0.33,6,59,0,6,0,796,7,0
0.953472781,0,0.35,D,0.61,9,85,1,58,0,365,4,0
0.077696667,1,7.06,A,0.29,7,35,0,19,0,667,2,0
0.669060121,0,2.41,D,0.71,5,20,1,96,6,684,9,0
0.451888509,1,5.27,A,0.25,6,60,0,77,3,826,8,0
0.986058404,1,2.45,D,0.82,5,13,0,41,0,592,3,1
0.885420877,1,8.17,D,0.42,5,55,0,99,6,537,6,0
0.05839052,0,0.78,D,0.85,7,9,3,1,1,446,1,0
0.528171336,1,0.89,D,0.57,4,76,1,92,7,213,2,0
0.429598574,1,8.23,B,0.1,5,63,1,82,2,949,4,0
0.34497805,1,8.75,D,0.62,1,78,1,98,3,239,4,0
0.77099885,0,0.68,D,0.95,8,26,3,99,5,311,9,0
0.550636159,0,6.12,D,0.09,3,99,1,21,4,36,6,0
0.337930525,0,5.47,D,0.7,3,3,1,83,6,184,10,0
0.904393855,0,2.95,B,0.61,2,92,2,56,0,800,5,0
0.606010987,1,5.97,B,0.43,10,41,0,30,0,926,1,0
0.376846724,1,2.1,A,0.28,3,79,3,98,2,579,0,0
0.680554292,0,1.59,A,0.62,4,3,3,14,6,232,2,0
0.227326688,0,3.11,D,0.31,6,61,0,11,3,683,7,0
0.924403458,0,4.09,D,0.79,5,84,2,45,2,519,7,0
0.554333316,1,1.6,D,0.43,0,20,3,26,3,83,10,0
0.937262597,1,4.15,D,0.5,3,84,1,35,5,20,10,0
0.652166526,1,0.36,B,0.14,10,93,3,18,5,383,7,0
0.326667585,1,5.83,A,0.64,5,62,0,81,2,387,2,1
0.650020179,1,3.24,A,0.4,0,78,3,44,5,292,1,0
0.125932987,1,9.47,D,0.76,1,48,0,75,6,252,9,0
0.77386662,0,5.25,A,0.06,6,9,1,56,0,29,4,0
0.840078566,0,3.1,B,0.07,6,38,2,87,1,515,4,0
0.842858556,1,1.4,D,0.06,9,0,0,27,4,739,3,0
0.022301364,1,0.4,B,0.51,5,60,2,40,4,901,2,0
0.844756223,0,8.43,D,0.25,6,69,2,6,3,447,7,0
0.298516519,0,6.02,B,0.11,6,68,2,25,1,436,1,0
0.744059602,0,7.77,D,0.82,2,23,2,12,5,467,4,0
0.256949456,0,4.68,D,0.05,4,96,1,6,6,576,2,0
0.156585245,0,0.66,D,0.6,9,30,2,18,5,74,2,0
0.328154234,0,5.63,D,0.73,7,89,3,67,1,881,3,0
0.913706172,1,4.36,B,0.94,2,12,2,40,3,484,4,0
0.653823983,1,8.63,A,0.32,5,39,0,55,7,655,1,0
0.331090151,1,9.5,D,0.54,,38,3,38,0,557,4,0
0.608817637,1,3.63,D,0.8,2,13,1,86,0,245,3,0
0.117013378,1,6.57,D,0.91,9,54,3,69,3,40,8,0
0.940070034,1,2.86,D,0.94,3,36,1,90,1,520,2,0
0.966126389,1,3.11,D,0.18,8,40,0,57,7,374,2,1
0.564790487,1,9.59,D,0.37,5,37,0,7,1,116,9,0
0.842270462,0,9.36,A,0.56,6,9,0,19,7,567,7,0
0.099998733,0,1.07,D,0.07,6,63,3,46,0,582,3,0
0.534647813,0,5.6,B,0.34,5,38,2,13,6,901,0,0
0.488530769,1,0.47,A,0.04,8,33,0,52,6,841,1,0
0.296880591,0,3.85,D,0.96,9,95,1,39,4,616,3,1
0.665756584,1,8.31,A,0.69,1,10,0,59,5,538,9,0
0.926200317,0,3.7,D,0.6,8,59,3,62,7,350,10,0
0.510396206,1,6.67,B,0.36,8,54,2,10,5,719,8,0
0.729077873,0,0.07,B,0.38,2,19,3,23,2,574,7,0
0.842597886,0,5.98,B,0.39,2,13,3,90,1,614,0,0
0.71179454,1,3.4,D,0.5,9,51,0,72,0,249,4,0
0.849195942,1,2.1,B,0.85,6,10,0,64,6,316,6,0
0.765574593,1,8.84,D,0.13,7,42,1,77,3,595,0,1
0.424209282,1,0.47,D,0.64,10,44,2,46,0,712,1,0
0.613260559,1,9.02,D,0.28,10,29,3,55,2,889,9,0
0.901408668,0,5.76,D,0.51,5,12,2,1,3,273,2,0
0.463229004,0,4.77,D,0.99,2,95,2,95,4,569,0,0
0.098093418,1,5.41,D,0.68,,76,1,10,6,563,7,0
0.670535984,0,0.59,B,0.43,6,38,3,14,1,637,2,0
0.240051024,1,8.38,D,0.65,4,28,3,16,5,573,1,0
0.793524613,0,7.95,B,0.38,5,34,3,87,7,169,3,0
0.706250843,1,1.87,D,0.24,1,25,1,5,3,926,6,0
0.226547703,1,2.91,D,0.98,8,54,3,93,4,995,1,1
0.286673507,0,5.96,D,0.1,4,12,2,37,5,910,7,0
0.693807104,1,4.62,A,0.95,3,23,2,65,0,239,10,0
0.744525581,0,9.92,A,0.92,7,6,3,75,4,454,3,0
0.649802544,1,2.95,D,0.13,0,12,2,57,6,451,4,0
0.605010673,0,1.92,D,0.33,7,96,2,49,5,350,7,0
0.106289468,0,7.5,B,0.24,6,12,2,68,5,202,1,0
0.299597404,0,4.08,D,0.18,10,85,1,84,5,784,10,0
0.662791666,0,3.17,A,0.29,1,86,3,17,1,241,2,0
0.122910232,1,8.58,A,0.32,5,20,0,72,7,604,9,0
0.58508688,1,7.33,D,0.94,1,96,9999,95,6,574,9,0
0.537286522,0,9.16,D,0.15,7,87,0,65,4,156,3,0
0.294141809,0,9.11,A,0.47,3,40,1,62,0,512,6,0
0.815880826,1,2.3,D,0.11,9,19,1,62,6,66,2,0
0.835342886,1,8.67,B,0.12,4,33,2,0,5,410,4,0
0.193492114,0,2.32,B,0.59,2,77,1,29,4,549,2,0
0.454869105,0,9.9,D,0.36,5,96,2,42,0,79,7,0
0.932358782,0,3.29,D,0.9,4,81,2,14,3,299,10,0
0.127427552,1,4.4,D,0.96,,24,0,21,7,110,1,1
0.439932824,0,4.92,D,0.67,3,52,0,48,1,494,4,0
0.402111658,1,5.18,B,0.19,7,54,0,33,2,561,4,0
0.761926826,0,9.6,B,0.58,1,94,0,97,0,763,1,0
0.046588286,0,1.26,B,0.81,5,3,1,74,6,71,5,0
0.842406816,1,7.21,D,0.38,0,91,3,41,5,984,0,0
0.997708421,0,8.7,D,0.37,4,23,1,70,4,403,1,1
0.612995515,0,9.87,D,0.5,5,76,2,98,4,866,8,0
0.403251067,0,3.75,D,0.66,6,80,3,58,6,583,7,0
0.300425083,0,4.88,D,0.22,6,68,3,66,3,827,5,1
0.312173029,1,8.39,D,0.64,4,41,3,87,5,762,0,1
0.353470329,0,3.45,D,0.61,1,34,1,26,6,376,1,0
0.637169708,0,7.22,B,0.01,5,52,1,80,7,644,1,1
0.733766849,1,8.29,A,0.66,7,71,2,40,3,185,9,0
0.439303506,1,5.61,D,0.31,2,42,1,79,1,201,8,0
0.059297485,0,1.41,D,0.38,4,73,3,50,5,616,9,0
0.63518362,1,2.49,D,0.86,8,64,2,9,6,443,1,0
0.787230555,0,5.64,D,0.78,3,10,2,52,3,564,7,0
0.686198416,0,2.89,B,0.9,7,27,0,28,2,968,5,0
0.92086291,0,6.63,B,0.68,1,20,1,62,4,17,5,0
0.977998548,1,8.64,B,0.75,6,10,0,86,3,498,0,0
0.270227749,0,1.37,A,0.45,7,56,2,72,6,775,4,0
0.321000071,0,0.31,A,0.64,5,97,1,99,0,194,6,0
0.942035046,1,7.38,B,0.72,6,77,0,14,1,114,1,0
0.636686552,1,7.79,B,0.9,6,62,0,93,2,384,2,0
0.201667027,1,5.39,D,0.12,6,23,1,0,5,606,3,0
0.749507207,0,9.29,A,0.93,4,82,0,57,3,194,5,0
0.993269547,0,7.1,D,0.4,1,60,0,9,1,916,4,0
0.227215056,0,3.53,D,0.31,3,69,3,24,3,557,6,0
0.683503308,0,3.63,B,0.83,8,8,1,9,3,879,8,0
0.40073716,0,8.12,D,0.2,6,54,0,74,3,245,8,0
0.841470022,1,8.09,D,0.19,2,85,3,100,2,881,7,0
0.799302427,0,4.45,A,0.13,4,66,0,37,3,424,1,1
0.548767635,0,7.61,D,0.81,4,51,1,54,2,836,1,1
0.279445151,0,8.96,D,0.44,1,79,2,5,3,706,9,0
0.315394812,0,7.76,B,0.51,2,92,3,74,0,307,4,0
0.391529104,1,5.89,D,0.89,6,76,2,95,7,159,7,0
0.135850897,1,0.11,D,0.19,2,68,1,72,4,36,5,0
0.648576687,0,6.37,B,0.89,3,60,1,66,2,643,1,0
0.278780426,1,3.1,A,0.6,7,74,0,52,2,36,10,0
0.182725039,1,3.43,A,0.08,1,48,3,81,7,747,6,0
0.857916948,0,7.1,A,0.16,4,49,1,13,4,34,10,0
0.378290781,0,4.96,B,0.14,6,93,3,97,3,2,8,0
0.449609903,1,8.45,D,0.85,8,65,3,14,7,526,9,0
0.99330624,0,2.42,B,0.78,8,41,3,33,6,862,4,0
0.227682569,0,6.94,D,0.26,9,53,3,30,3,562,7,0
0.583628257,0,1.4,D,0.62,1,94,0,1,4,127,6,0
0.149699223,1,9.12,B,0.57,1,72,1,84,1,231,6,0
0.584880927,1,3.88,B,0.9,5,92,1,97,5,898,1,0
0.852058062,1,0.44,D,0.26,5,31,0,96,6,814,6,0
0.928966714,0,2.7,D,0.51,5,85,3,61,3,640,4,1
0.607456026,0,6.03,D,0.88,6,58,3,12,2,811,7,0
0.806017933,1,9.45,A,0.72,5,36,2,6,4,381,9,0
0.102748207,0,4.41,D,0.86,6,81,0,12,4,862,2,0
0.036517591,0,2.78,A,0.1,7,32,0,20,6,650,8,0
0.713497927,0,7.9,D,0.99,9,30,0,92,5,773,4,1
0.132028766,0,8.1,D,0.33,6,94,1,46,6,930,7,0
0.142294204,1,5.15,D,1,0,27,1,70,4,35,8,0
0.680235751,1,0.53,A,0.33,3,70,2,68,1,869,4,0
0.482556174,0,0.22,B,0.78,8,18,0,12,0,93,3,0
0.337220341,0,8.62,B,0.56,2,79,2,55,6,533,0,0
0.520814957,0,9.22,D,0.17,8,44,2,19,2,521,2,0
0.489793509,1,8.08,A,0.53,2,42,1,28,7,276,10,0
0.410464939,1,6.85,A,0.6,2,12,9999,47,4,555,6,0
0.714735419,0,1.01,D,0.77,0,74,0,54,3,861,1,0
0.373204301,0,5.49,B,0.45,3,51,3,88,1,146,8,0
0.6904495,0,7.3,A,0.67,8,17,3,96,2,106,5,1
0.293790691,0,2.22,D,0.49,0,5,2,15,1,796,10,0
0.983262387,1,4.59,D,0.63,9,28,0,70,1,685,4,0
0.437469742,1,0.12,B,0.27,7,85,3,99,0,103,6,0
0.42578872,0,4.39,D,0.09,2,9,3,56,2,524,2,0
0.440273673,1,5.83,D,0.76,3,84,1,89,1,181,1,0
0.704283816,1,4.99,D,0.86,5,90,3,42,7,137,5,0
0.173520103,0,0.56,D,0.5,8,83,0,53,7,930,4,0
0.400173357,0,1.98,B,0.1,1,37,0,40,5,421,3,0
0.038666092,1,0.19,B,0.79,9,11,0,64,7,160,3,0
0.210070116,0,3.06,B,0.6,6,2,2,28,4,391,3,0
0.396107361,1,2.83,B,0.24,5,25,3,46,7,773,3,0
0.590250775,0,9.2,D,0.07,8,71,3,87,2,936,5,0
0.759309974,1,8.9,D,0.71,,69,3,62,5,348,5,1
0.382841539,0,7.58,D,0.43,3,68,2,58,3,320,1,1
0.406963725,0,6.82,D,0.78,8,12,0,45,7,619,0,1
0.667783857,1,2.23,D,0.38,7,71,1,44,4,708,3,0
0.088934285,1,5.26,A,0.11,2,43,0,5,0,365,0,0
0.138217753,1,4.6,B,0.04,8,56,3,92,5,768,6,0
0.608830345,0,0.02,D,0.92,8,42,1,83,3,573,8,0
0.743057865,0,6.66,B,0.1,8,72,3,56,3,363,5,0
0.499964052,1,7.35,B,0.88,9,3,2,64,4,718,1,0
0.676672414,0,6.3,A,0.23,6,74,3,25,6,921,3,1
0.101888591,1,9.25,D,0.41,3,58,2,90,7,560,8,0
0.625587257,0,1.02,D,0.87,7,93,1,11,2,525,0,0
0.053966349,1,9.32,D,0.41,6,86,1,52,4,138,5,0
0.054254711,0,0.08,D,0.04,1,76,1,13,2,376,10,0
0.862751782,0,1.34,B,0.21,6,24,2,48,4,315,10,0
0.889819731,0,1.3,B,0.92,3,73,0,72,5,598,1,0
0.577473693,0,7.47,B,0.7,10,0,3,54,2,841,1,0
0.108769941,1,1.67,A,0.16,10,28,0,90,2,601,1,0
0.983610717,1,6.63,A,0.36,10,7,3,10,7,125,10,0
0.83323643,1,5.84,B,0.93,1,6,3,78,4,431,5,0
0.362168004,0,4.59,A,0.63,8,6,0,12,0,659,5,0
0.150289677,1,2.33,D,0.34,2,27,1,28,7,377,9,0
0.731604089,0,5.88,D,0.54,6,40,1,78,2,744,9,0
0.855541477,0,2.87,D,0.86,4,79,3,5,4,379,9,0
0.757651458,1,3.27,D,0.69,10,5,1,37,3,342,6,0
0.107827754,1,7.15,D,0.78,,54,1,43,1,279,5,0
0.598136377,1,6.3,D,0.11,3,46,2,54,5,167,10,0
0.998405538,1,9.39,D,0.51,5,51,1,9,3,706,3,0
0.723746457,0,7.93,D,0.25,9,52,2,55,6,389,0,1
0.04026634,0,6.82,A,0.82,3,87,2,14,4,906,6,0
0.324245874,1,2.87,D,0.59,4,0,3,93,0,202,2,1
0.314373304,0,6.73,D,0.03,9,31,9999,89,7,353,5,1
0.036464997,0,6.13,D,0.23,2,49,0,18,5,235,10,0
0.410324349,0,7.59,D,0.16,6,95,0,45,5,829,5,1
0.787324741,0,0.49,B,0.33,5,6,1,32,1,373,10,0
0.073289857,1,0.11,B,0.12,9,87,9999,72,3,759,0,0
0.594006808,1,8.47,A,0.36,9,90,1,50,5,597,2,1
0.036439422,1,0.81,B,0.32,5,99,3,25,7,825,9,0
0.861403669,0,3.72,D,0.58,6,99,3,70,1,755,6,0
0.187213453,0,0.49,A,0.75,5,2,3,22,6,599,4,0
0.47903645,0,8.31,D,0.81,2,48,2,39,5,920,6,0
0.749611856,1,4.41,D,0.06,7,19,1,11,6,668,3,0
0.804475944,1,9.42,D,0.72,10,22,2,81,1,853,10,0
0.145189853,0,6.6,A,0.65,10,91,0,30,4,288,6,0
0.403932668,0,9.18,D,0.6,2,4,3,77,5,266,5,0
0.137490258,1,5.7,A,0.13,8,92,1,48,3,427,0,1
0.676598733,0,8.22,D,0.95,9,6,3,51,0,26,10,0
0.591755646,1,0.4,B,0.44,8,93,0,11,3,891,2,0
0.692925921,0,8.36,D,0.58,7,41,0,29,4,201,4,0
0.829198033,0,8.07,D,0.14,9,70,3,73,6,432,6,0
0.698632809,1,5.33,A,0.23,8,65,2,2,0,45,9,0
0.018706049,0,4.88,B,0.18,7,24,3,96,4,369,5,0
0.082851407,1,2.89,A,0.26,3,50,3,5,7,265,4,0
0.978622871,0,4.59,A,0.21,7,77,0,87,5,357,5,1
0.476277934,1,5.24,D,0.38,9,65,2,11,2,338,5,0
0.434367244,0,4.92,A,0.21,9,75,2,64,2,626,10,0
0.041065538,1,7.08,D,0.5,3,24,2,54,2,193,1,1
0.539441167,0,6.24,B,0.22,0,52,2,68,6,701,10,0
0.278798151,1,3.48,A,0.25,3,32,3,2,2,211,6,0
0.919402036,1,0.43,D,0.62,,46,1,50,4,55,3,0
0.331721578,0,0.26,D,0.6,10,21,0,96,5,920,9,0
0.589587315,1,2.28,D,0,8,92,1,68,3,535,8,0
0.444612998,0,4.32,D,0.87,0,68,3,44,1,938,9,0
0.421014736,0,6.53,A,0.18,5,43,2,41,2,882,4,0
0.039078464,0,9.07,D,0.49,9,82,2,21,7,320,3,0
0.503787158,1,0.73,A,0.99,4,99,0,43,6,596,9,0
0.65416129,0,1.49,B,0.78,8,11,0,29,3,348,7,0
0.824756484,1,3.22,A,0.16,3,11,0,94,7,215,0,1
0.63993524,1,8.36,B,0.2,1,96,3,94,3,625,3,0
0.97993946,0,5.41,D,0.79,4,1,0,87,7,373,10,0
0.749200202,1,4.14,A,0.06,,90,1,72,7,65,1,1
0.11137764,0,9.57,D,0.03,10,98,2,38,5,516,5,0
0.474003838,1,0.69,D,0.33,2,11,3,90,2,39,7,0
0.892724978,0,5.35,D,0.25,1,74,2,13,2,30,7,0
0.302233821,1,3.78,A,0.98,4,58,2,70,3,994,8,0
0.053827479,0,0.71,B,0.77,10,20,2,92,4,880,8,0
0.62566784,0,6.18,D,0.91,1,80,2,13,5,196,0,0
0.521244689,1,2.59,A,0.06,0,10,2,32,2,77,4,0
0.926796067,1,4.39,D,0.33,9,46,0,85,4,982,9,0
0.062200363,0,2.67,D,0.97,0,58,1,86,0,948,1,0
0.084977487,0,4.49,B,0.59,8,58,2,81,3,23,0,1
0.710556625,0,3.62,A,0.27,9,15,3,12,4,363,7,0
0.795574039,0,9.78,D,0.54,2,93,1,90,3,790,8,0
0.543643732,1,7.06,D,0.17,,20,1,81,2,160,6,0
0.333129352,0,3.97,D,0.76,2,68,2,10,6,289,1,0
0.855226167,1,0.44,A,0.64,10,78,0,5,0,653,7,0
0.604985847,0,2.91,A,0.21,4,40,3,61,2,412,4,1
0.206383964,1,0.96,D,0.12,7,30,2,87,0,777,8,0
0.831580319,1,3.26,B,0.89,8,4,3,6,6,261,2,0
0.992699562,0,4.07,D,0.68,9,12,3,38,0,422,3,1
0.110015811,1,2.11,D,0.52,1,6,2,55,4,485,4,0
0.631412304,1,6.29,B,0.83,10,60,0,34,1,185,2,0
0.210053057,1,2.89,B,0.4,6,98,1,60,3,138,2,0
0.537704122,1,8.56,B,0.85,6,55,3,41,5,665,0,0
0.910636912,1,5.73,D,0.2,2,17,1,68,7,743,5,0
0.861245644,0,5.54,D,0.1,0,7,1,7,0,139,7,0
0.76699585,0,5.79,D,0.68,4,85,1,35,4,446,0,1
0.488792322,1,4.55,D,0.43,6,17,3,83,3,161,0,1
0.27043937,1,9.42,B,0.12,7,40,2,82,6,672,9,0
0.131365141,0,8.96,B,0.28,9,43,0,96,4,766,5,0
0.491439441,1,3.95,D,0.13,1,86,2,73,0,892,2,0
0.774122653,0,6.29,B,0.83,6,58,0,88,1,207,8,0
0.736590104,0,6.94,A,0.71,0,1,0,91,2,202,6,0
0.954470624,1,4.22,A,0.91,6,28,1,5,2,217,4,0
0.885331893,0,5.82,A,0.03,5,67,3,71,4,134,5,1
0.292890789,0,9.32,A,0.76,6,62,0,29,4,657,10,0
0.601548247,0,6.85,D,0.12,8,61,2,54,7,279,9,0
0.481732701,0,3.37,D,0.8,5,85,1,98,6,913,2,1
0.018287081,1,1.28,D,0.02,1,89,3,24,5,119,4,0
0.84300912,0,3.65,B,0.86,9,72,0,63,0,552,2,0
0.533167592,0,4.37,B,0.13,6,59,2,88,0,629,10,0
0.776039768,0,7.99,D,0.63,7,40,0,63,7,369,0,1
0.363233382,1,9.97,B,0.95,7,8,3,8,2,115,9,0
0.296590275,1,5.45,A,0.54,10,34,3,24,6,460,6,0
0.094242871,1,8.81,A,0,2,54,2,49,7,730,9,0
0.465662181,1,7.15,A,0.73,1,15,0,100,2,98,7,0
0.292278786,1,3.7,D,0.8,2,37,2,69,6,289,9,0
0.132600667,0,8.37,A,0.08,4,96,3,63,6,469,4,1
0.490840648,1,7.49,A,0.93,4,22,3,49,0,680,8,0
0.630406511,1,2.33,A,0.29,1,29,0,46,0,115,1,0
0.540375222,1,3.86,D,0.19,9,5,0,90,0,751,10,0
0.141848862,0,8.56,A,0.74,7,68,9999,33,5,445,3,0
0.999966816,1,8.25,A,0.85,4,51,0,5,5,43,3,0
0.56749622,0,2.77,B,0.7,8,23,3,36,6,686,5,0
0.303254247,0,9.3,D,0.66,5,46,9999,67,5,828,9,0
0.734700652,0,1.62,A,0.9,6,50,2,87,2,915,1,0
0.791499787,1,1.96,B,0.55,5,59,1,48,5,757,7,0
0.598250571,1,4.37,A,0.87,7,1,2,45,3,91,0,1
0.07847914,0,8.9,A,0.12,8,62,9999,11,4,145,8,0
0.132426305,0,8.95,D,0.53,0,93,0,33,4,303,7,0
0.312399183,1,7.34,B,0.99,,15,3,45,1,960,6,0
0.578657654,1,0.25,D,0.76,8,4,1,72,7,364,7,0
0.991064991,0,7.93,D,0.45,5,55,0,77,3,759,8,0
0.252563887,0,4.18,D,0.62,10,6,1,29,4,739,8,0
0.567947573,0,4.38,D,0.89,2,15,1,39,3,650,2,0
0.682473594,0,7.81,B,0.82,9,78,3,32,4,92,7,0
0.816133617,0,7.42,D,0.79,9,75,9999,55,5,849,5,0
0.315715354,0,9.48,D,0.09,6,75,0,52,5,515,8,0
0.997158405,0,7.14,A,0.63,3,91,1,9,0,710,0,0
0.119357954,1,0.63,D,0.59,10,75,3,16,2,933,10,0
0.876798743,1,5.89,D,0.26,5,80,2,58,6,298,6,0
0.059866764,0,9.74,D,0.5,3,22,2,59,1,930,4,0
0.154418273,0,1.53,D,0.29,9,95,2,45,6,71,10,0
0.583088078,1,9.82,B,0.34,5,86,3,87,7,845,1,0
0.004128522,0,2.65,A,0.27,10,77,3,20,0,679,9,0
0.480649946,0,7.27,D,0.39,8,20,1,79,0,831,3,1
0.066244287,0,9.51,A,0.36,8,56,2,23,7,60,2,0
0.031282528,1,4.31,A,0.31,8,35,0,14,3,58,1,0
0.573481724,1,4.48,A,0.43,8,89,1,74,0,148,1,1
0.915294274,1,1.71,D,0.36,1,25,2,73,3,524,10,0
0.058159625,1,0.31,B,0.49,6,86,3,66,5,562,1,0
0.030002831,1,7.67,A,0.67,8,80,1,12,7,262,8,0
0.788406411,0,7.59,D,0.22,4,61,3,12,6,503,1,0
0.888711351,0,8.73,A,0.45,8,19,9999,92,3,434,6,0
0.677305695,1,5.32,D,0.1,6,81,2,41,5,527,1,1
0.501753757,1,7.74,D,0.62,0,34,9999,53,3,160,7,0
0.892805257,1,9.92,A,0.11,3,80,0,37,3,317,2,0
0.36083327,0,0.38,A,0.85,1,22,1,97,7,250,2,0
0.900309829,0,4.07,A,0.54,8,91,1,89,2,814,0,1
0.486773823,1,6.6,B,0.53,2,51,1,25,4,742,0,0
0.397050259,0,5.6,D,0.71,6,97,3,86,2,936,9,0
0.111852635,1,9.74,D,0.59,3,95,0,17,6,354,0,0
0.142366134,1,6.09,D,0.64,3,76,1,46,7,651,0,1
0.206101773,1,5.43,D,0.83,6,21,9999,100,0,844,3,1
0.805600835,0,5.19,A,0.81,8,67,1,99,4,980,1,1
0.083152449,1,4.21,B,0.83,5,46,3,59,5,238,3,0
0.212350968,1,0.76,D,0.65,8,81,9999,87,6,970,4,0
0.737290593,1,8.16,D,0.7,3,35,0,9,3,91,5,0
0.378617963,0,1.91,B,0.1,7,99,0,44,1,978,1,0
0.752313742,0,9.75,A,0.1,8,9,1,35,2,40,8,0
0.096854101,1,7.26,D,0.2,0,49,3,10,3,285,8,0
0.47478301,1,9.61,A,0.33,3,93,1,86,1,842,4,0
0.698300541,1,2.93,B,0.02,7,46,3,95,1,475,8,0
0.611330602,1,0.72,A,0.85,5,51,1,1,6,813,10,0
0.665500878,0,9.07,D,0.78,1,40,1,81,5,750,1,0
0.104025032,1,8.73,D,0.49,0,55,3,94,2,695,4,0
0.239198329,1,1.01,A,0.59,10,85,1,57,4,663,1,0
0.637741037,1,9.43,B,0.4,7,60,1,41,7,849,3,0
0.558398888,0,8.11,D,0.66,3,66,0,13,3,972,4,0
0.965450532,0,6.09,B,0.28,3,60,0,100,3,667,0,0
0.291633211,1,4.97,B,0.76,1,58,1,45,0,823,9,0
0.744165952,0,8.11,D,0.08,2,38,2,58,3,157,5,0
0.365977493,0,3.12,B,0.43,2,59,3,26,2,937,5,0
0.908451355,1,7.19,D,0.44,5,70,0,23,2,193,6,0
0.89723969,0,2.93,D,0.9,6,81,0,73,4,539,4,1
0.571059681,0,6.79,D,0.24,2,56,9999,80,2,558,4,0
0.821419789,1,5.84,D,0.81,4,6,0,91,4,327,7,0
0.145102335,0,1.28,B,0.53,10,49,2,87,6,91,8,0
0.946799626,0,1.85,A,0.49,7,82,0,95,5,970,10,0
0.784642396,0,8.95,A,0.81,1,15,1,60,3,459,2,0
0.689552092,0,3.08,D,0.79,7,36,1,57,1,209,8,0
0.937287785,0,9.14,D,0.56,1,13,3,64,7,534,0,0
0.517309516,0,0.96,D,0.11,9,100,3,48,3,290,8,0
0.573466191,0,4.41,D,0.72,,57,0,22,0,44,10,0
0.801109311,1,6.62,D,0.51,6,70,1,59,1,756,1,0
0.2565703,0,8.57,A,0.11,8,29,3,15,7,70,1,0
0.914770549,0,7.33,A,0.97,6,15,2,77,2,843,3,1
0.523424462,1,1.87,B,0.44,9,95,1,38,5,426,9,0
0.889254222,0,7.11,A,0.59,5,6,2,28,1,209,1,0
0.647911669,1,8.7,A,0.66,4,21,1,40,2,459,2,1
0.36314803,0,0.53,D,0.37,,99,1,80,3,473,7,0
0.41133215,0,6.58,D,0.79,6,64,1,56,5,793,6,0
0.136575649,0,6.96,A,0.35,9,75,0,41,3,638,8,0
0.924514537,1,5.36,B,0.21,6,39,2,1,4,346,2,0
0.195984088,1,1.78,A,0.74,3,93,2,84,5,105,2,0
0.047600961,0,4.72,D,0.23,10,100,0,24,6,913,0,1
0.838052901,1,3.73,D,0.39,9,67,3,100,3,720,2,0
0.200454647,0,1.37,D,0.64,6,92,1,30,7,372,6,0
0.526475957,0,3.33,D,0.36,0,73,1,75,1,0,4,0
0.832410919,0,9.7,D,0.15,4,15,3,16,5,904,6,0
0.526409281,1,7.38,D,0.6,6,62,1,91,0,15,10,0
0.809362901,1,5.04,D,0.42,6,94,2,79,6,762,6,0
0.429961379,0,4.94,D,0.76,7,39,2,34,2,662,7,0
0.168194346,1,9.34,D,0.26,7,44,0,70,4,851,6,0
0.848110765,1,5.02,D,0.1,6,86,0,12,7,626,0,0
0.416953698,0,5.84,D,0.48,3,98,0,50,5,331,2,1
0.187271707,0,6.79,D,0.89,6,71,3,3,0,33,0,0
0.071849463,1,8.98,A,0.04,5,44,9999,60,3,413,4,1
0.212423716,1,3.47,D,0.22,1,86,1,95,6,693,8,0
0.801448246,1,4.78,D,0.94,1,34,0,40,3,582,3,0
0.416136135,0,7.43,B,0.55,3,20,1,85,1,75,3,1
0.46798463,1,7.41,D,0.83,5,50,3,86,6,291,10,0
0.83149616,1,8.48,B,0.16,1,63,0,37,3,371,1,0
0.952335836,0,2.74,D,0.88,1,56,1,57,6,472,7,0
0.97202145,1,9.58,A,0.62,0,93,1,83,2,983,4,0
0.674147229,1,9.44,D,0.29,0,95,1,4,6,650,2,0
0.229043432,1,8.58,B,0.87,8,0,9999,88,0,787,9,0
0.62561216,1,8.48,D,0.17,1,97,2,24,6,176,2,0
0.0805834,1,0.41,D,0.9,,24,3,97,6,482,5,0
0.89976824,0,2.97,A,0.4,7,38,3,47,6,952,8,0
0.434525768,0,2.71,B,0.99,2,100,2,86,1,675,5,0
0.966802574,0,8.83,D,0.46,7,11,1,64,3,230,7,0
0.169942266,1,3.12,D,0.96,4,55,2,42,7,269,10,0
0.210593189,1,3.43,B,0.2,3,38,3,15,2,20,8,0
0.756707028,1,4.85,D,0.87,1,79,3,68,6,899,9,0
0.090315824,0,9.82,D,0.25,7,56,2,57,6,945,9,0
0.313759213,0,3.33,D,0.06,6,23,1,33,5,971,5,1
0.760371688,1,9.07,A,0.1,1,97,1,86,1,254,7,0
0.027233198,1,7,B,0.28,2,30,1,63,0,635,9,0
0.077377487,0,2.12,D,0.21,0,20,2,13,7,913,5,0
0.331521181,0,0.59,B,0.49,7,72,2,81,3,240,0,0
0.710215835,0,8.93,B,0.04,3,62,0,52,6,171,2,0
0.568625023,1,7.83,A,0.6,3,34,1,79,2,32,3,1
0.741562954,1,7.88,B,0.89,9,98,2,51,2,656,2,0
0.345293274,0,5.74,D,0.04,5,97,1,98,3,610,5,0
0.491939496,0,8.03,B,0.81,6,12,2,63,1,719,2,0
0.671307534,0,9.09,D,0.59,1,6,1,59,0,177,0,0
0.050487279,1,4.78,A,0.71,3,87,0,20,6,132,8,0
0.613924248,0,0.07,B,0.22,2,74,0,48,0,643,1,0
0.906153975,1,8.13,A,0.19,1,82,3,85,5,311,2,0
0.551760366,0,6.27,A,0.21,4,89,9999,74,1,178,0,0
0.821172287,0,4.61,D,0.12,6,16,0,31,5,776,10,0
0.714310724,0,8.09,A,0.22,1,46,0,43,2,819,9,0
0.949892239,0,6.2,D,0.55,9,67,1,18,4,546,2,0
0.152876828,1,0.38,D,0.08,3,8,2,72,5,814,0,0
0.434966082,1,0.18,D,0.99,5,78,3,1,1,391,7,0
0.387015541,1,9.54,A,0.9,2,61,3,47,4,244,3,0
0.927755172,1,7.06,D,0.91,4,57,2,8,2,147,8,0
0.309028292,0,2.14,D,0.03,7,71,1,36,3,20,7,0
0.875567616,0,5.6,D,0.22,8,23,2,88,0,63,8,0
0.18535512,1,0.16,A,0.82,8,80,0,44,7,394,8,0
0.972425055,1,8.09,B,0.82,2,25,0,71,7,498,3,0
0.633498702,0,6.15,B,0.14,0,91,0,74,1,354,7,0
0.733547298,1,1.74,D,0.53,0,52,1,10,5,611,9,0
0.268709082,1,8.36,D,0.61,4,51,3,1,7,736,6,0
0.573181073,1,5.39,D,0.16,1,9,2,50,6,341,1,0
0.959158831,1,2.96,A,0.84,1,14,2,48,2,612,0,0
0.180500893,1,7.12,B,0.71,9,40,1,84,1,435,10,0
0.98580448,0,3.67,D,0.87,2,30,3,89,4,330,1,0
0.324370036,0,4.33,D,0.18,7,58,2,69,4,210,4,1
0.899086439,0,7.6,A,0.88,0,38,3,41,1,345,5,0
0.610852267,1,9.61,D,0.54,1,2,1,5,7,811,10,0
0.759822815,1,0.06,A,0.34,1,99,3,68,6,535,10,0
0.546808529,0,7.67,A,0.49,4,61,2,88,2,507,2,1
0.204269768,1,9.35,A,0.4,2,0,3,77,4,493,3,0
0.519329627,0,6.48,D,0.88,5,85,0,35,3,856,3,1
0.425775713,0,0.55,D,0.02,7,79,0,54,4,215,5,0
0.170241361,0,2.84,A,0.37,2,29,1,48,7,319,8,0
0.769977679,0,7.99,B,0.84,5,36,0,52,3,112,5,0
0.673226817,1,9.38,D,0.82,5,44,3,49,3,850,3,0
0.446343713,0,0.08,D,0.38,0,79,0,24,1,976,4,0
0.066658614,1,2.74,B,0.88,5,51,3,39,5,512,5,0
0.314329015,1,5.44,D,0.69,2,56,0,31,7,860,6,0
0.57823371,0,9.81,A,0.53,1,53,3,81,7,623,5,0
0.638561339,0,4.81,D,0.65,6,55,0,51,7,798,2,1
0.906314871,0,6,D,0.31,3,30,2,23,0,243,3,1
0.024695642,1,7.8,A,0.14,7,72,2,7,2,747,9,0
0.014490712,0,0.63,D,0.3,5,44,0,55,4,916,2,0
0.132690264,0,6.67,A,0.38,9,37,3,83,1,448,3,0
0.436269562,0,1.22,D,0.45,2,92,3,99,3,648,3,0
0.89050299,1,7.53,B,0.26,8,14,1,66,6,416,0,0
0.844307658,1,7.63,A,0.67,9,98,2,90,6,208,1,1
0.364882021,0,7.51,A,0.01,5,47,0,76,0,265,5,0
0.787495249,1,7.34,A,0.23,1,87,3,65,5,633,6,0
0.774799052,1,6.46,B,0.85,1,46,0,82,4,372,6,0
0.213172525,0,0.84,D,0.16,8,11,1,71,0,370,2,0
0.094547361,0,5.62,D,0.78,5,19,2,40,4,252,4,1
0.160138878,1,2,A,0.74,8,57,0,93,2,57,5,0
0.17129475,0,2.66,A,0.14,2,71,3,60,5,795,0,0
0.916079547,0,0.74,A,0.32,7,2,9999,37,1,965,8,0
0.095100278,0,10,D,0.59,3,28,1,0,0,134,4,0
0.534432992,0,1.1,B,0.39,2,23,1,0,0,998,6,0
0.173483377,0,5.47,D,0.85,2,3,3,53,1,762,2,0
0.076488604,0,1.88,D,0.85,9,69,1,94,7,618,6,0
0.552271505,0,2.53,D,0.4,2,37,3,64,4,138,8,0
0.358433389,1,5.35,B,0.61,,85,3,88,7,193,0,0
0.239995036,1,1.09,D,0.54,6,48,0,48,0,909,7,0
0.662964392,0,9.02,D,0.93,2,1,3,65,3,750,9,0
0.491886118,0,6.38,D,0.82,3,73,0,29,3,924,6,0
0.343770768,1,6.36,B,0.65,2,44,2,43,2,206,2,0
0.982459564,0,0.47,B,0.09,6,38,1,24,5,303,9,0
0.651984448,0,7.57,D,0.13,5,34,1,25,6,417,9,0
0.048680525,1,0.69,A,0.58,9,21,0,20,4,354,10,0
0.790461617,0,2.73,A,0.18,1,100,0,67,5,728,5,0
0.022473393,0,7.47,D,0.05,6,47,9999,45,3,907,5,1
0.290341134,1,9.64,A,0.53,3,80,3,71,2,761,3,0
0.932159678,0,3.1,D,0.28,1,23,2,35,3,530,7,0
0.893760337,0,4.11,D,0.02,1,37,2,37,3,201,10,0
0.341726708,1,0.87,D,0.79,3,14,3,91,2,830,8,0
0.884611475,0,3.17,D,0.78,6,73,3,29,5,853,2,1
0.146026317,1,1.97,D,0.37,6,64,3,44,3,559,5,0
0.508196145,0,5,D,0.01,6,39,1,100,3,397,8,0
0.642822094,0,0.43,D,0.44,2,88,0,38,0,240,0,0
0.604186004,0,8.57,D,0.47,2,89,0,8,2,59,5,0
0.320558474,0,0.75,D,0.52,1,88,0,50,4,479,2,0
0.088255416,1,2.16,A,0.89,8,71,0,74,2,652,4,0
0.098900904,0,6.39,D,0.34,7,39,1,33,2,754,3,1
0.851465164,1,4.83,D,0.39,2,4,0,96,6,1,1,0
0.915316386,1,6.48,D,0.16,7,74,2,49,3,969,8,0
0.489687345,1,2.52,B,0.05,3,100,0,88,0,869,9,0
0.826655457,0,6.01,B,0,8,5,2,70,0,950,2,1
0.586325591,1,9.67,D,0.37,3,69,3,57,1,230,9,0
0.019898451,0,7.17,D,0.19,4,71,3,9,5,371,4,0
0.290527349,0,5.3,D,0.39,1,37,1,63,3,967,9,0
0.502490332,1,8.57,D,0.14,1,52,2,13,4,437,8,0
0.011573626,1,2.14,B,0.71,6,80,2,41,6,652,7,0
0.230572907,0,1.25,A,0.21,6,18,2,19,6,518,8,0
0.34273576,0,2.65,D,0.42,0,93,3,61,3,266,6,0
0.134300498,1,1.8,A,0.5,4,15,1,78,2,1,7,0
0.983405377,1,4.22,D,0.13,1,4,0,61,2,793,5,0
0.271965728,1,9.73,D,0.78,1,81,3,80,6,353,8,0
0.443240393,0,6.35,A,0.33,1,43,3,15,7,700,8,0
0.129863849,1,5.59,A,0.87,7,38,3,23,0,673,10,0
0.668355265,0,6.87,A,0.33,7,1,0,2,3,238,3,0
0.472965575,0,2.08,D,0.63,6,72,1,89,3,695,6,0
0.439914618,1,5.79,A,0.14,7,81,3,47,6,805,7,0
0.090997555,1,4.81,A,0.14,8,1,1,90,5,243,6,0
0.870720455,0,1.76,D,0.93,10,27,3,67,1,464,3,0
0.297251176,1,7.61,D,0.62,7,95,2,0,5,993,9,0
0.114972073,1,4.69,D,0.74,1,12,1,58,5,407,2,0
0.345737517,0,8.18,D,0.8,8,36,2,57,4,235,0,1
0.231881358,0,4.2,B,0.55,4,8,0,63,0,612,9,0
0.028457469,0,8.33,A,0.28,2,100,1,19,1,716,10,0
0.577208633,0,6.23,A,0.84,2,37,3,39,3,434,4,0
0.055548248,0,0.42,A,0.41,9,54,1,75,4,577,8,0
0.162408019,0,1.21,D,0.11,3,93,2,7,2,73,8,0
0.095439071,0,8.62,D,0.16,6,10,2,87,7,681,3,1
0.879821684,0,2.86,D,0.12,6,21,1,64,7,3,3,1
0.98955162,1,6.45,D,0.18,7,97,1,54,0,753,1,1
0.365478963,1,5.08,D,0.44,6,21,9999,18,3,735,0,0
0.540862659,0,9.7,B,0.29,1,37,1,44,7,363,10,0
0.281058069,1,2.99,D,0.08,0,90,1,0,1,483,3,0
0.652519774,0,2.83,A,0.24,10,53,1,11,0,835,8,0
0.412860041,1,1.23,D,0.21,7,55,3,89,5,420,8,0
0.864637122,0,6.14,D,0.9,4,14,3,64,3,343,9,0
0.76990422,1,9.59,D,0.71,9,3,3,3,7,588,7,0
0.677697815,1,6.66,A,0.33,8,16,2,25,0,163,8,0
0.243114413,0,3.38,B,0.43,8,29,0,96,5,920,2,0
0.117441286,0,4.65,D,0.27,2,26,3,46,7,677,8,0
0.03343114,1,1.34,D,0.24,6,81,1,51,4,149,3,0
0.105921642,1,1.55,B,0.42,7,22,3,35,2,708,4,0
0.743026419,1,9.1,D,0.74,9,75,2,95,3,315,4,0
0.509010429,1,2.68,D,0.14,7,1,2,73,2,770,4,1
0.109659444,0,9.45,A,0.53,3,58,1,57,4,378,8,0
0.881787796,1,0.55,D,0.57,9,55,0,81,4,207,1,0
0.198261331,1,7.8,B,0.02,8,74,2,67,1,639,0,1
0.653960655,1,1.43,D,0.52,8,29,0,35,4,755,6,0
0.21553215,1,8.12,D,0.7,3,44,2,37,7,847,6,0
0.791919784,1,7.66,D,0.97,5,28,0,67,4,37,5,1
0.9525405,1,2.77,B,0.15,3,9,1,37,0,850,4,0
0.737875654,1,7.31,D,0.69,2,4,2,69,1,784,2,0
0.121579186,1,6.34,B,0.37,6,34,2,7,6,872,4,0
0.279436222,0,8.85,D,0.76,7,62,0,23,5,846,3,1
0.66161049,0,9.84,A,0.01,2,35,2,92,5,697,1,0
0.928640008,0,9.9,B,0.04,9,68,3,70,1,396,0,0
0.248397618,1,1.92,A,0.88,8,95,0,100,5,40,4,0
0.894628149,0,7.3,D,0.93,3,39,2,45,5,93,0,1
0.303276063,1,2.21,D,0.26,2,46,1,74,5,469,8,0
0.507485629,0,9.19,D,0.87,4,55,0,30,1,33,4,0
0.017626936,0,9.48,B,0.44,1,20,3,24,1,662,6,0
0.847561464,0,3.04,A,0.26,10,12,0,38,3,74,0,1
0.781277392,1,2.64,B,0.33,3,49,3,48,3,159,8,0
0.209356041,1,0.42,D,0.63,9,68,1,20,4,591,4,0
0.939136784,1,6.24,A,0.35,8,14,2,72,6,393,10,0
0.572765551,0,5.14,A,0.5,7,26,0,43,0,158,4,1
0.726445507,1,4.32,B,0.25,5,28,2,32,1,298,7,0
0.898866763,1,1.24,D,0.15,0,63,0,96,3,179,7,0
0.473204383,1,3.94,A,0.3,1,43,1,59,1,634,6,0
0.646803607,1,0.33,B,0,7,37,0,18,1,644,5,0
0.236870078,0,7.73,A,1,4,72,3,46,7,410,7,0
0.601883997,0,8.41,D,0.03,4,68,2,15,3,643,2,0
0.22838123,1,6.28,D,0.38,10,20,1,35,1,878,5,0
0.390081972,1,3.8,B,0.44,5,92,0,97,6,964,6,0
0.792427071,1,6.81,A,0.5,9,52,9999,33,4,927,8,0
0.747609874,1,2.89,D,0.58,5,32,1,7,6,768,1,0
0.755461676,1,4.07,B,0.18,1,58,0,58,5,701,8,0
0.051777405,1,8.22,D,0.34,8,76,3,31,2,793,0,1
0.004346131,0,8.31,D,0.53,1,61,3,79,2,302,1,0
0.508666837,1,0.98,D,0.53,8,55,1,25,1,316,5,0
0.314727126,0,8.4,D,0.99,9,11,2,25,0,759,9,0
0.838566222,1,5.31,D,0.49,8,45,0,0,2,117,10,0
0.745223163,0,6.86,D,0.21,4,17,0,3,2,810,6,0
0.406005561,1,4.78,A,0.94,7,89,2,49,7,184,8,0
0.668440017,0,4.06,B,0,,44,1,63,0,815,4,1
0.19852468,0,0.24,D,0.47,4,68,1,34,4,88,7,0
0.616765627,0,0.15,B,0.82,4,69,3,86,4,222,0,0
0.502629799,0,9.88,D,0.65,9,68,0,59,0,698,4,0
0.650352479,0,1.04,B,0.61,1,35,0,53,1,872,10,0
0.093575742,1,2.94,D,0.56,6,45,1,53,5,327,3,1
0.008465725,0,2.78,A,0.14,8,28,2,96,2,909,3,1
0.195297764,1,9.56,A,0.43,4,59,2,72,0,811,1,0
0.994660349,0,7.67,D,0.87,5,23,3,91,1,412,10,0
0.40229694,1,3.48,D,0.91,6,37,0,1,1,41,8,0
0.683197201,1,1.89,D,0.5,7,36,3,11,2,882,9,0
0.15089852,1,3.11,D,0.56,10,10,1,12,0,535,7,0
0.076895765,1,3.82,D,0.95,0,27,3,30,5,783,4,0
0.479519801,0,5.77,A,0.6,8,73,3,34,6,626,10,0
0.175385777,1,1.7,B,0.41,10,95,3,54,2,673,2,0
0.994268052,0,1.66,A,0.39,4,35,2,51,3,882,2,0
0.76107683,1,2.7,D,0.02,8,27,3,78,4,763,9,0
0.58493951,0,1.2,B,0.95,5,98,2,55,1,79,2,0
0.559589406,0,6.55,A,0.49,4,88,1,50,0,720,1,1
0.400289877,1,1.98,B,0.89,8,36,1,29,5,730,4,0
0.770410827,0,5.18,D,0.61,4,88,1,89,3,70,9,0
0.743814409,0,4.32,B,0.58,7,8,2,58,7,956,6,0
0.312007635,0,2.57,D,0.31,8,48,3,80,5,174,5,1
0.795577187,1,1.16,D,0.88,6,68,2,19,4,913,8,0
0.622313583,1,5.68,D,0.65,3,25,0,85,7,811,7,0
0.175441338,0,4.09,B,0.69,5,73,1,58,6,821,10,0
0.756100869,1,4.13,B,0.78,5,17,3,0,2,980,2,0
0.510199445,1,0.09,D,0.97,0,94,3,100,3,112,10,0
0.073884655,1,9.65,B,0.69,4,15,1,21,4,343,2,0
0.642128555,1,4.19,B,0.65,7,94,2,64,0,648,2,0
0.194689054,0,1.98,D,0.96,7,8,3,10,6,575,3,0
0.25093172,0,0,A,0.81,8,28,3,79,1,190,5,0
0.187190901,1,4.93,D,0.29,2,54,3,13,2,769,1,0
0.185318782,0,9.73,D,0.55,7,94,0,31,2,456,6,0
0.575728496,0,0.29,A,0.59,8,0,1,23,0,682,5,0
0.424656146,1,7.95,D,0.51,6,16,3,98,5,98,4,1
0.544824944,1,8.1,D,0.51,0,41,0,59,2,545,2,0
0.721832662,0,6.35,D,0.07,6,77,2,22,2,878,1,1
0.380748487,0,3.78,D,0.77,2,83,3,75,5,346,10,0
0.993978309,1,4.53,A,0.48,8,92,2,15,5,160,5,0
0.923220921,1,6.38,B,0.3,2,18,3,91,4,559,3,0
0.50267707,0,4.93,A,0.37,1,56,1,45,4,962,3,0
0.409759092,1,0.19,B,0.16,5,18,3,87,4,6,3,0
0.437720447,0,5.1,D,0.49,9,39,0,68,4,60,0,1
0.622888337,1,4.17,D,0.44,1,13,3,35,7,839,1,0
0.972165941,1,1.91,D,0.94,10,5,2,31,7,127,5,0
0.053300505,1,0.22,D,0.38,8,74,2,47,0,479,4,0
0.201845795,1,7.96,D,0.41,3,96,3,4,1,673,9,0
0.683012419,0,0.04,D,0.42,4,40,2,72,1,532,10,0
0.404392364,0,3.16,D,0.52,7,33,0,58,3,309,4,1
0.230630747,1,9.37,D,0.33,9,94,0,70,5,948,3,0
0.798419618,0,9.49,D,0.08,9,59,2,69,7,412,1,0
0.154610381,0,4.05,D,0.63,5,1,2,33,6,164,4,1
0.298208467,0,0.18,B,0.24,5,48,3,74,0,141,1,0
0.332888005,0,5.89,A,0.32,1,42,1,37,6,746,0,0
0.631742838,1,7.93,B,0.95,3,57,1,6,5,868,0,0
0.095030552,0,3.76,D,0.04,4,82,3,14,6,920,5,0
0.949071233,0,4.27,A,0.78,1,34,2,96,5,59,2,0
0.041521511,0,2.03,D,0.26,1,5,1,24,0,80,0,0
0.325254597,0,3.04,B,0.5,4,36,3,40,4,415,7,0
0.476765884,1,1.38,A,0.29,7,19,1,43,0,277,3,0
0.297804208,1,6.52,D,0.51,6,0,0,65,0,858,4,1
0.014676557,1,5.75,D,0.43,7,22,2,50,6,111,1,1
0.281064299,0,2.46,A,0.81,5,16,3,69,5,3,3,1
0.258500905,0,6.44,D,0.74,2,75,0,47,7,240,5,0
0.099328302,0,8.8,D,0.6,,5,3,82,2,424,10,0
0.990072977,0,6.39,D,0.94,6,2,3,24,0,362,4,1
0.215643048,1,3.53,D,0.45,8,89,0,52,4,151,0,1
0.320526692,1,4.65,B,0.45,3,72,3,19,4,113,9,0
0.188015093,1,9.58,B,0.47,5,96,0,46,3,666,9,0
0.751329159,0,2.07,B,0.23,1,59,3,2,0,119,4,0
0.898215372,0,2.09,B,0.18,0,23,3,48,6,115,1,0
0.685068004,1,0.52,D,0.23,2,91,2,52,3,576,7,0
0.436899081,1,4.74,A,0.08,4,30,1,1,1,445,5,0
0.922564135,1,5.74,B,0.74,1,22,3,37,4,296,3,0
0.830981842,0,0.71,D,0.12,2,8,1,33,3,32,0,0
0.8630343,0,5.26,D,0.78,6,60,1,78,5,995,10,0
0.942156881,1,7.43,A,0.07,9,33,3,72,3,806,6,0
0.312675914,0,7.56,D,0.39,2,47,0,98,6,36,8,0
0.340611592,1,0.05,A,0.67,0,66,2,21,6,353,0,0
0.532370178,0,1.46,D,0.01,5,99,2,84,1,684,5,0
0.020154627,1,1.86,A,0.64,2,44,2,3,0,750,7,0
0.397363965,1,1.55,B,0.51,7,62,1,25,1,379,7,0
0.358825853,0,6.6,D,0.99,8,61,2,66,6,713,6,0
0.449684839,1,7.24,A,0.61,,21,3,41,7,728,3,1
0.526733077,0,4.73,D,0.35,10,62,1,8,6,199,6,0
0.786111288,0,7.09,A,0.37,8,97,1,27,2,788,0,1
0.835366521,1,8.06,D,0.42,10,42,1,38,3,619,4,1
0.580221598,1,9.25,B,0.29,4,39,0,32,7,953,2,0
0.726603277,1,6.46,D,0.67,7,61,3,52,6,273,2,1
0.19942132,0,5.31,D,0.02,7,37,0,83,2,331,6,0
0.106431851,1,6.43,D,0.72,9,39,0,84,2,589,9,0
0.426988672,1,6.77,D,0.93,9,78,0,88,3,293,7,0
0.986155407,0,4.1,B,0.57,0,48,0,20,2,46,4,0
0.718343191,0,4.64,B,0.85,4,85,2,70,7,759,6,0
0.437970486,1,3.04,B,0.84,1,20,0,44,2,370,0,0
0.883931656,1,4.07,A,0.23,1,4,2,68,3,66,3,0
0.171023649,0,8.33,B,0.98,8,15,2,66,6,505,6,0
0.162170957,1,6.43,A,0.95,8,48,2,95,3,661,4,1
0.432161547,1,5.18,A,0.84,6,3,2,24,1,235,4,0
0.99874499,1,7.01,A,0.64,1,21,2,0,5,690,4,0
0.196894802,1,8.71,A,0.24,8,76,1,92,6,363,2,1
0.006830171,1,7.48,A,0.57,,72,2,66,7,548,7,0
0.118538761,0,2.56,D,0.57,6,79,1,67,3,99,3,1
0.918040484,0,9.38,D,0.46,,45,1,77,0,512,10,0
0.801415906,1,8.24,D,0.04,1,2,3,95,6,293,8,0
0.537654104,0,8.98,B,0.87,9,23,1,24,6,64,8,0
0.907594365,1,2.08,D,0.04,9,58,1,98,7,567,0,0
0.159141948,0,3.62,B,0.28,8,84,2,68,6,506,5,0
0.049971881,1,2.17,B,1,4,80,0,85,0,536,3,0
0.703864413,0,3.83,A,0.18,7,3,3,100,6,869,0,1
0.935052454,1,4.03,B,0.22,6,38,1,55,5,38,6,0
0.273951628,0,1.39,B,0.73,1,13,3,46,7,757,7,0
0.283572681,0,5.69,D,0.28,5,44,1,63,6,274,2,1
0.258427397,0,8.51,A,0.12,2,88,3,1,5,384,3,0
0.887138556,1,4.46,D,0.09,2,96,0,30,3,356,4,0
0.108236889,0,5.43,B,0.24,8,20,3,15,1,709,6,0
0.755414728,0,4.05,D,0.15,3,14,0,31,0,656,0,1
0.433794774,1,3.07,B,0.63,1,11,1,88,0,301,6,0
0.440543182,0,5.26,B,0.35,1,47,2,58,0,331,10,0
0.047238675,1,8.79,B,0.57,,84,1,58,7,707,10,0
0.633529328,0,3.4,B,0.03,,64,0,56,4,608,8,0
0.440864305,1,5.41,D,0.4,1,10,1,61,6,325,1,0
0.307308469,1,7.27,D,0.74,,86,1,44,1,271,8,0
0.504830822,1,0.03,B,0.35,6,52,2,66,3,453,5,0
0.916558226,1,9.83,B,0.78,6,55,0,98,2,308,6,0
0.251172188,0,4.52,A,0.38,7,97,0,45,4,892,4,1
0.368218411,1,3.13,D,0.64,0,65,0,38,7,995,8,0
0.512794032,1,2.45,A,0.93,4,13,3,52,1,906,1,0
0.766469036,1,4.84,D,0.66,2,13,3,70,4,534,6,0
0.871422305,0,2.87,D,0.34,1,26,0,94,4,748,9,0
0.733843428,0,7.72,B,0.97,4,16,0,59,3,276,10,0
0.261900525,1,6.46,B,0.56,2,46,1,78,6,412,10,0
0.975971045,0,5.1,B,0.24,7,4,2,42,5,373,8,0
0.950352384,1,0.44,D,0.01,7,17,3,42,2,340,0,0
0.897260792,0,0.94,A,0.2,9,0,1,45,1,460,1,0
0.546394685,1,4.31,D,0.53,5,97,2,97,0,189,3,1
0.358977687,1,4.73,A,0.03,10,15,3,33,6,24,2,1
0.222200149,0,4.29,A,0.77,,51,3,98,4,535,10,0
0.25437782,1,5.78,D,0.98,7,39,0,48,0,905,0,1
0.184081513,0,9.82,D,0.45,5,62,1,38,0,814,8,0
0.611741155,1,2.06,B,0.22,5,42,2,90,0,545,5,0
0.52529272,1,5.53,B,0.83,6,12,2,61,2,923,1,0
0.081815526,0,1.69,D,0.31,3,81,2,47,2,759,4,0
0.511111906,1,5.39,D,0.54,3,2,0,56,7,524,7,0
0.257588796,1,0.12,B,0.86,6,73,3,50,4,851,2,0
0.115505755,0,6.04,D,0.9,4,35,3,46,5,289,10,0
0.359948663,0,6.9,D,0.36,,95,1,58,3,327,5,1
0.723476785,0,2.69,A,0.76,3,55,0,18,7,518,3,0
0.46497884,1,7.41,D,0.21,8,20,0,47,5,607,3,1
0.057972722,0,1.57,D,0.41,9,84,1,89,2,335,2,0
0.706696498,0,7.04,B,0.31,2,28,0,44,6,92,6,0
0.934291354,1,3.87,A,0.27,5,98,2,94,6,262,9,0
0.533458556,0,5.43,D,0.53,1,24,3,23,4,58,7,0
0.172156819,1,2.06,D,0.94,9,78,2,16,3,371,9,0
0.865429844,1,6.55,D,0.83,4,18,3,61,7,713,9,0
0.144938138,1,7.74,D,0.18,9,99,2,20,7,540,1,0
0.176360294,0,5.99,B,0.18,8,17,2,54,7,88,8,0
0.716613641,1,0.75,D,0.39,10,37,0,89,7,117,2,0
0.025528773,0,2.26,B,0.75,5,6,0,93,5,786,0,0
0.09222626,0,6.72,D,0.15,3,5,2,78,7,506,2,1
0.971878578,1,5.68,B,0.37,6,29,2,38,2,995,9,0
0.867830678,0,2.46,A,0.04,6,89,3,29,2,43,4,1
0.831918481,0,0.53,D,0.88,0,1,0,92,1,324,9,0
0.52800386,0,2.25,D,0.33,1,11,3,74,6,655,10,0
0.898594848,1,7.66,A,0.16,3,62,3,93,5,174,9,0
0.443689816,1,1.72,D,0.2,,8,0,66,2,633,3,0
0.393659726,1,4.81,B,0.79,1,42,1,81,1,817,5,0
0.455919991,1,8.02,D,0.16,1,24,3,94,2,178,2,0
0.683571045,1,8.09,D,0.46,0,96,0,32,2,672,3,0
0.320839314,1,1.28,D,0.85,1,45,1,89,2,36,1,0
0.800280393,0,1.54,D,0.46,4,16,2,55,4,692,9,0
0.272386559,0,9.63,A,0.77,3,87,3,52,1,715,0,0
0.67192107,0,5.27,B,0.99,2,53,2,9,5,572,5,0
0.863629577,1,4.73,D,0.96,8,95,2,90,6,258,3,1
0.672669319,1,4.97,D,0.41,9,13,2,95,0,615,1,1
0.914999447,1,7.51,D,0.37,5,56,1,38,4,606,2,1
0.122208641,1,5.32,D,0.77,3,79,0,83,0,901,7,0
0.398259003,1,4.13,D,0.4,6,2,1,81,5,436,9,0
0.60876507,1,5.96,B,0.99,0,60,1,18,6,260,2,0
0.548931752,0,7.5,D,0.14,8,32,3,96,0,397,6,0
0.45544408,1,5.02,B,0.44,1,100,1,9,1,921,8,0
0.845678302,0,4.67,B,0.67,3,83,2,99,7,788,4,0
0.182011505,1,6.57,B,0.42,1,26,3,45,0,385,3,0
0.140569104,0,9.57,A,0.1,8,58,0,24,0,716,7,0
0.182518919,1,2.32,A,0.78,5,82,1,67,2,655,3,0
0.320604404,1,4.62,A,0.55,1,62,3,41,4,586,0,0
0.641872508,1,4.23,A,0.25,4,4,3,61,1,814,10,0
0.956955904,0,4.95,D,0.08,9,93,2,44,5,459,5,1
0.97737554,0,0.16,A,0.02,7,63,3,47,7,531,5,0
0.563260497,1,7.07,D,0.91,6,97,0,99,7,432,5,1
0.232813384,1,7.86,B,0.64,,71,2,13,2,168,5,0
0.587649113,0,7.6,B,0.53,3,54,1,47,3,203,6,0
0.916982807,1,7.47,D,0.21,6,89,2,39,6,900,1,1
0.993913219,0,7.85,D,0.65,7,86,3,82,1,767,4,0
0.137113699,0,7.11,D,0.02,5,33,1,65,3,535,5,1
0.21626152,1,2.31,D,0.97,7,6,2,14,5,5,6,0
0.134296465,1,7.58,D,0.81,4,95,9999,82,2,144,10,0
0.756705813,0,6.12,A,0.29,8,40,2,65,0,229,5,1
0.230155652,1,6.98,D,0.46,10,66,1,12,3,380,2,0
0.900897294,1,3.58,D,0.29,4,80,2,82,2,410,2,1
0.981998653,1,3.08,D,0.75,10,70,0,54,2,359,0,1
0.048436593,0,4.88,A,0.49,1,68,3,53,7,981,9,0
0.98102585,1,3.94,B,0.85,4,7,1,99,4,85,9,0
0.414882173,1,9.06,D,0.54,8,77,2,56,6,233,9,0
0.348015948,1,5.82,B,0.61,6,30,0,40,5,382,5,0
0.532680477,0,1.38,D,0.21,6,88,0,48,1,64,9,0
0.169686406,0,4.16,D,0.42,3,47,1,49,4,362,10,0
0.102508585,1,7.41,D,0.02,4,8,1,19,4,600,3,0
0.133038777,0,1.32,D,0.97,3,93,3,76,1,89,3,0
0.31915154,1,5.63,D,0.81,2,31,1,89,2,399,4,0
0.261892607,1,3.72,A,0.84,3,25,0,39,5,812,9,0
0.608085896,0,5.71,A,0.96,10,58,2,51,3,290,5,1
0.05652631,0,5.55,A,0.76,2,82,2,25,1,785,7,0
0.869644907,1,4.56,D,0.23,5,23,3,48,2,587,5,1
0.822570048,0,7.88,D,0.36,9,44,1,15,3,161,10,0
0.330023212,0,7.27,D,0.88,7,50,2,16,0,453,10,0
0.603585744,1,7.72,D,0.01,5,67,0,50,3,397,3,1
0.225625013,1,6.61,B,0.74,7,69,0,92,1,330,4,0
0.704926522,0,9.38,D,0.16,9,97,2,75,1,110,3,0
0.365757752,0,1.05,A,0.01,10,47,2,68,2,82,3,0
0.890637933,1,3.01,A,0.85,4,48,1,66,0,706,2,1
0.41194242,0,2.7,B,0.95,3,24,3,74,4,298,6,0
0.745226767,1,3.76,A,0.34,4,55,3,28,5,881,2,1
0.568873336,1,1.81,A,0.83,2,68,2,64,1,311,3,0
0.907239797,0,1.21,D,0.12,4,61,3,34,0,809,1,0
0.464805358,1,7.42,A,0.34,8,81,0,33,1,219,10,0
0.516397046,0,9.93,B,0.17,10,79,2,95,0,148,1,0
0.084371165,1,3.66,A,0.8,7,83,0,60,5,63,2,1
0.143482928,0,5.42,A,0.33,4,29,0,93,1,352,0,0
0.924870225,1,5.89,D,0.04,7,48,1,22,2,197,8,0
0.493575984,1,5.76,D,0.87,7,77,0,50,0,545,6,0
0.551441543,0,5.67,A,0.27,2,43,2,72,1,869,9,0
0.651307455,1,4.02,B,0.17,8,79,1,80,6,50,4,0
0.680260457,0,5.24,D,0.63,,91,9999,86,4,347,4,1
0.179604436,1,5.17,A,0.94,10,67,1,38,3,301,0,1
0.308893174,1,0.04,D,0.19,9,52,2,64,6,356,8,0
0.244550123,0,0.2,D,0.67,8,5,3,19,4,380,7,0
0.968869799,1,7,A,0.75,2,80,1,42,3,234,8,0
0.534629775,0,5.01,B,0.61,10,71,0,49,5,931,8,0
0.063341747,0,2.24,D,0.76,5,76,0,82,6,682,5,0
0.982059834,1,0.18,D,0.6,7,60,1,76,3,273,10,0
0.007299653,0,4.76,A,0.76,1,82,3,16,4,932,7,0
0.815421175,0,4.75,A,0.9,5,61,2,77,0,385,4,1
0.022409245,1,7.86,D,0.56,8,35,2,90,2,131,7,0
0.44835466,0,8.17,B,0.12,0,16,2,58,3,31,7,0
